d7,d6,d5,d4,d3,d2,d1,health
9.46,5.73,5.27,2.80,2.34,7.45,8.26,0
4.46,19.42,2.60,11.00,6.04,9.44,0.00,0
17.88,5.28,12.91,7.42,18.30,12.06,3.41,0
4.07,11.60,9.59,13.86,6.22,11.56,13.36,0
16.12,14.41,1.11,12.19,0.00,6.80,5.83,0
2.60,10.13,4.16,7.48,5.18,14.30,10.41,0
12.75,3.69,8.40,18.51,0.00,8.43,9.56,0
9.01,9.97,13.00,3.28,14.49,0.00,2.65,0
12.02,0.00,14.79,10.70,12.01,14.34,13.84,0
4.73,1.63,10.80,7.87,19.18,9.13,6.03,0
4.69,9.42,2.92,4.95,9.81,11.36,9.35,0
0.00,8.88,11.76,0.00,9.80,19.27,16.72,0
1.50,5.49,17.38,16.99,11.80,17.23,7.20,0
7.17,6.20,7.74,12.46,9.54,8.47,11.32,0
6.03,7.40,17.46,10.95,13.15,12.67,2.96,0
15.32,0.00,11.49,16.62,16.62,3.61,6.13,0
1.31,12.90,7.06,10.32,10.96,5.94,10.04,0
15.00,12.44,4.29,8.65,8.61,5.17,7.31,0
11.71,20.97,0.07,10.04,0.00,9.48,8.52,0
19.65,6.66,6.38,9.79,7.99,10.62,4.80,0
7.21,10.57,17.34,9.25,11.83,2.48,6.38,0
18.08,13.45,10.93,7.51,3.79,11.28,10.34,0
10.07,9.91,5.19,8.53,8.75,18.11,10.97,0
0.27,3.08,5.42,8.82,6.36,13.07,5.94,0
0.00,16.19,4.78,11.41,9.35,10.58,1.02,0
11.98,16.07,7.17,8.73,12.85,10.43,5.58,0
10.17,4.71,19.19,6.28,15.34,8.83,7.09,0
17.65,13.06,5.77,10.49,11.16,16.25,13.65,0
2.72,12.78,9.43,12.17,9.92,3.92,17.49,0
4.59,5.46,8.61,0.00,6.42,18.17,6.35,0
10.77,14.92,5.07,8.66,5.09,9.18,17.90,0
2.88,15.02,9.29,11.35,9.12,12.79,8.16,0
7.78,1.16,4.96,7.97,4.13,9.48,13.86,0
10.19,2.10,8.56,0.00,6.19,9.73,5.54,0
13.23,13.57,5.70,3.96,1.31,8.17,0.41,0
2.24,7.28,16.10,3.31,8.81,7.60,5.42,0
14.21,9.63,18.63,10.95,8.63,12.73,0.00,0
14.02,13.97,13.93,13.10,12.89,12.11,15.92,0
13.75,6.31,13.75,3.23,4.61,13.65,4.41,0
16.54,3.45,9.93,4.01,13.04,13.51,10.27,0
11.81,9.44,3.93,7.28,6.10,2.45,8.48,0
4.11,10.72,17.62,18.58,6.47,0.00,10.37,0
10.17,4.10,5.60,2.31,9.15,7.21,11.46,0
3.75,14.01,0.37,9.71,9.89,0.00,10.95,0
8.74,9.98,12.43,6.42,10.46,5.22,0.11,0
2.63,4.34,4.46,9.46,14.72,17.35,11.88,0
7.17,12.81,7.61,13.97,5.02,4.62,4.20,0
1.40,4.30,2.25,11.32,8.22,1.90,6.31,0
8.30,6.22,7.56,5.55,13.29,8.66,14.69,0
11.11,2.96,7.14,13.46,12.92,12.42,12.03,0
0.00,1.75,3.03,9.81,7.72,1.84,13.69,0
3.27,5.32,23.66,5.16,7.31,7.79,7.95,0
18.61,13.04,9.88,7.14,22.75,12.62,6.98,0
21.43,2.12,10.49,6.03,8.72,12.37,6.34,0
7.70,12.50,13.66,12.09,6.69,4.29,1.57,0
6.09,7.43,9.93,8.27,10.44,1.79,10.03,0
6.80,22.97,1.37,8.07,10.43,8.13,7.98,0
1.88,9.46,14.84,10.34,10.09,14.51,6.96,0
2.92,10.53,10.68,11.83,10.30,15.37,8.39,0
7.09,5.23,8.72,16.71,1.74,4.10,3.56,0
14.58,0.70,2.49,8.94,12.69,7.68,7.83,0
10.68,15.47,4.44,8.97,15.27,13.37,11.55,0
0.80,11.65,8.01,14.32,14.06,18.41,10.35,0
11.22,0.01,10.10,18.58,4.63,4.56,11.69,0
0.35,13.42,0.00,14.80,7.89,6.11,15.12,0
11.37,5.87,2.30,4.56,2.49,4.56,13.84,0
14.04,3.00,3.02,11.99,17.81,8.66,0.00,0
15.55,2.85,8.73,4.16,2.59,0.00,0.00,0
3.73,15.66,18.13,9.96,7.11,10.15,12.51,0
9.48,8.59,14.94,8.14,14.20,11.54,0.86,0
7.56,5.38,5.17,16.15,7.33,6.43,3.25,0
10.38,0.85,7.68,15.45,6.97,11.59,0.90,0
13.16,16.57,5.87,18.68,0.91,10.44,10.47,0
4.47,13.55,11.20,3.26,11.78,12.44,0.00,0
9.54,11.62,11.28,17.58,12.26,0.00,10.21,0
14.30,17.79,5.85,9.62,14.68,10.82,0.00,0
1.93,7.36,8.96,9.76,5.10,1.19,8.26,0
8.11,0.00,8.46,14.74,1.17,1.73,11.81,0
2.82,8.40,1.40,13.26,13.68,0.00,14.84,0
8.04,9.58,8.04,10.20,8.44,8.01,13.60,0
5.82,10.44,9.07,7.55,11.92,16.82,7.89,0
13.53,10.90,9.98,0.00,13.94,1.29,5.54,0
15.38,0.00,8.38,9.86,11.98,7.93,12.11,0
1.08,9.86,2.34,11.32,4.79,3.66,9.93,0
8.81,9.07,9.67,13.64,6.96,14.54,6.24,0
2.49,7.89,6.88,0.00,6.18,9.58,18.52,0
4.06,12.31,18.81,1.54,12.76,8.13,0.00,0
8.40,9.70,4.97,15.16,7.09,8.87,7.49,0
13.43,9.42,11.18,13.43,0.00,12.22,0.00,0
9.47,17.35,0.22,10.41,0.00,11.91,4.24,0
2.43,11.71,16.70,12.94,18.30,0.61,0.00,0
6.36,1.32,10.69,16.45,20.81,10.42,1.49,0
6.49,9.04,10.84,8.51,4.18,8.07,2.87,0
5.91,6.25,14.23,14.04,0.00,4.53,21.67,0
5.29,11.80,12.68,8.72,11.22,2.36,18.11,0
19.13,8.47,4.85,9.54,12.59,16.33,15.44,0
11.44,4.79,6.79,17.84,1.51,5.87,11.19,0
9.92,7.58,8.05,12.38,4.40,25.09,6.68,0
8.27,6.92,5.63,10.36,4.48,14.34,8.09,0
12.61,5.26,1.89,13.22,8.87,6.38,8.77,0
4.58,14.87,12.82,7.85,15.30,11.50,4.11,0
9.47,3.35,5.54,3.10,9.23,6.78,2.69,0
12.21,9.24,4.15,7.95,7.18,0.46,8.40,0
10.79,6.91,10.85,8.80,12.17,6.27,11.14,0
5.78,15.17,1.98,3.66,7.52,4.94,6.87,0
14.35,4.92,3.76,4.05,12.05,6.84,0.00,0
11.29,13.24,7.79,7.57,6.42,10.69,7.35,0
22.71,11.31,8.37,4.36,0.65,4.07,10.05,0
0.22,11.08,5.64,2.49,9.52,8.86,4.33,0
14.60,0.00,10.02,0.00,10.18,0.00,8.44,0
8.42,0.00,15.78,11.00,1.51,2.76,1.43,0
5.55,10.84,12.52,4.31,10.89,10.74,1.90,0
4.60,20.77,9.37,10.69,2.58,7.60,6.20,0
12.07,11.10,12.15,5.67,0.29,0.00,11.13,0
3.96,5.01,15.84,10.53,6.22,7.19,0.58,0
9.43,8.51,12.85,8.25,5.73,10.54,11.82,0
4.50,13.12,15.88,21.29,0.00,11.38,12.18,0
4.97,6.60,14.14,13.27,8.99,0.18,7.23,0
12.78,6.21,5.57,4.00,14.11,12.29,7.48,0
17.10,9.03,19.44,10.49,3.98,12.90,10.88,0
4.04,2.26,11.89,7.52,3.50,2.12,8.61,0
10.17,0.75,16.56,17.21,19.47,6.64,10.85,0
12.23,10.15,3.85,14.83,7.62,0.00,12.69,0
9.32,12.96,12.40,7.43,8.78,0.00,7.99,0
6.58,14.95,6.91,9.36,0.00,8.32,5.85,0
9.39,0.00,7.90,7.40,7.41,8.60,9.59,0
4.53,17.47,10.02,14.19,4.18,7.30,3.69,0
14.21,5.11,10.70,18.81,16.41,10.67,9.61,0
13.66,12.74,6.08,3.00,4.73,0.00,12.94,0
14.11,17.47,8.62,4.35,6.39,12.75,12.14,0
17.28,8.56,4.31,0.00,2.83,5.97,9.55,0
12.12,0.00,10.59,5.70,10.67,17.76,9.09,0
1.66,9.09,0.18,5.73,18.62,4.24,3.97,0
14.85,10.76,0.00,10.26,10.22,14.97,9.40,0
7.40,7.56,7.08,1.07,8.83,4.61,6.16,0
20.89,5.65,7.12,7.64,7.96,17.18,8.75,0
5.90,4.40,7.60,12.40,14.65,2.09,4.86,0
11.13,5.43,6.95,11.01,8.93,6.11,1.96,0
2.53,3.73,10.78,13.23,7.98,0.00,4.57,0
3.19,5.97,8.89,13.90,0.10,5.09,16.18,0
7.78,8.69,13.16,14.28,11.03,2.26,9.91,0
11.45,0.00,7.28,2.69,13.62,6.30,7.97,0
6.84,7.38,4.04,1.01,0.00,10.15,11.64,0
9.48,8.83,2.62,3.31,12.22,12.24,0.14,0
16.31,13.38,13.85,7.49,9.50,12.32,8.18,0
4.05,19.21,7.06,8.15,9.89,1.72,12.03,0
7.70,4.48,6.12,7.53,1.08,12.12,12.40,0
18.50,17.88,16.84,16.71,10.34,3.75,7.39,0
9.32,2.33,17.94,7.66,8.59,0.00,22.60,0
12.14,12.05,4.37,16.09,18.44,10.52,8.00,0
0.00,14.77,10.35,13.06,10.15,3.42,10.92,0
9.01,3.90,9.30,13.65,5.04,9.44,14.11,0
12.24,8.29,0.82,11.48,9.16,17.43,10.73,0
13.08,4.94,5.50,7.94,13.92,9.16,7.06,0
3.49,0.00,8.64,12.80,11.75,7.99,1.98,0
16.58,5.96,10.83,7.30,21.84,10.80,12.29,0
2.42,17.90,7.74,12.03,9.66,12.52,0.00,0
5.17,9.61,8.09,11.95,11.84,2.84,4.85,0
7.08,1.01,6.16,6.58,6.83,9.92,7.12,0
0.00,9.83,9.71,4.08,16.30,10.25,6.90,0
2.10,7.89,10.99,0.01,12.48,12.98,10.03,0
5.38,13.62,14.89,1.70,2.13,7.40,5.45,0
1.49,12.82,16.39,0.61,20.09,9.43,3.14,0
5.97,8.69,2.77,15.47,3.49,2.22,20.37,0
4.50,19.03,7.64,2.54,3.21,7.95,12.81,0
6.38,11.90,12.24,0.93,6.12,8.47,3.67,0
2.82,2.22,7.53,8.95,7.58,6.87,9.15,0
9.87,8.10,8.85,8.34,17.17,3.52,9.00,0
1.31,4.02,12.25,12.72,0.00,10.66,12.87,0
7.95,8.20,18.96,7.47,3.94,16.38,8.81,0
2.27,3.66,4.69,5.54,12.60,4.78,9.30,0
10.94,13.51,6.48,7.51,15.01,10.67,10.51,0
15.09,12.66,8.22,9.54,8.53,17.69,10.79,0
8.77,15.58,9.00,10.62,0.97,10.18,15.24,0
5.66,9.58,9.97,4.54,16.78,2.90,10.19,0
22.68,10.51,6.21,20.49,7.90,3.92,1.18,0
19.25,8.33,11.02,4.32,14.57,1.22,3.92,0
11.62,16.44,10.56,7.98,10.79,11.54,1.54,0
12.37,6.96,13.26,4.52,13.05,5.38,1.74,0
11.57,7.55,0.10,6.96,10.19,17.09,10.48,0
16.26,12.01,2.47,10.68,3.08,1.65,16.91,0
19.02,2.34,6.14,10.44,12.69,8.85,11.56,0
7.65,12.64,3.81,14.15,0.00,8.71,14.45,0
10.11,2.80,7.27,17.58,0.13,19.65,10.95,0
6.57,0.72,12.00,12.22,17.88,3.91,11.12,0
17.56,0.88,10.65,7.73,16.28,12.78,11.51,0
8.13,16.92,11.70,14.54,4.61,3.02,3.13,0
11.22,6.51,14.38,7.67,14.47,14.94,7.48,0
0.00,21.02,10.27,6.23,15.54,20.28,7.48,0
6.71,8.41,2.42,4.76,11.66,8.28,16.87,0
9.33,20.52,6.43,9.12,12.27,4.28,3.53,0
1.32,5.39,1.43,12.39,8.81,13.20,0.00,0
0.00,0.00,5.02,16.17,16.33,12.02,4.96,0
12.96,15.72,11.19,6.37,10.87,0.00,12.09,0
3.50,11.52,5.43,7.17,5.12,2.33,7.16,0
20.65,9.18,6.89,4.99,0.67,5.27,10.19,0
4.97,15.60,10.82,10.08,5.06,7.51,7.52,0
11.65,13.32,8.43,9.05,13.83,11.17,12.22,0
13.77,8.19,9.23,9.43,9.43,14.64,8.46,0
5.19,2.41,8.32,14.60,1.03,7.38,2.37,0
12.10,13.19,5.96,4.56,9.53,9.23,22.28,0
10.15,6.54,14.60,0.59,16.19,9.57,10.67,0
18.07,4.44,11.51,13.15,16.36,3.63,9.01,0
11.13,16.85,12.76,9.53,18.72,8.78,14.11,0
9.43,0.00,4.65,2.07,13.84,10.61,2.36,0
14.59,15.95,8.89,8.32,11.77,5.65,6.25,0
13.99,3.37,3.88,14.90,10.42,7.12,7.28,0
8.35,11.36,18.28,8.25,10.55,7.61,9.86,0
13.40,1.56,13.47,9.94,10.40,7.45,9.82,0
9.93,0.00,13.88,10.83,14.58,4.45,2.73,0
4.94,0.00,12.41,1.92,21.46,6.65,8.07,0
20.41,4.06,2.71,3.97,6.69,15.56,13.49,0
4.60,4.47,13.01,3.46,13.86,10.83,7.05,0
12.60,1.81,11.76,12.51,15.65,1.93,6.49,0
6.43,14.27,5.87,12.28,11.23,10.14,10.50,0
0.00,5.56,10.57,6.02,3.10,12.84,11.64,0
12.59,4.88,13.39,14.02,17.58,5.80,1.55,0
8.24,15.23,7.57,6.31,13.48,14.53,10.74,0
11.57,15.20,14.47,6.17,9.97,5.92,6.54,0
10.97,0.00,5.58,8.97,3.18,8.57,5.94,0
17.40,3.12,5.34,7.80,22.21,8.69,8.85,0
5.47,4.82,14.59,11.50,12.88,13.03,11.49,0
0.84,0.00,9.17,7.44,8.60,6.04,12.30,0
0.00,6.02,5.00,5.40,9.60,12.55,4.53,0
19.62,4.42,9.06,10.16,2.51,4.56,3.82,0
17.12,13.15,14.13,9.00,1.27,9.56,5.02,0
0.00,7.23,11.92,5.14,3.44,5.12,6.95,0
8.17,11.82,12.58,9.81,6.75,15.62,5.77,0
11.45,10.58,5.44,6.18,13.65,4.56,6.38,0
9.76,5.08,5.24,5.34,3.60,1.44,6.65,0
0.00,3.70,9.31,0.00,0.00,4.52,14.35,0
9.91,6.23,8.81,14.94,1.66,8.33,7.64,0
1.07,6.11,6.24,2.32,14.25,8.98,2.92,0
6.99,0.00,12.66,9.98,3.80,11.11,6.67,0
0.00,12.75,7.76,9.54,11.80,7.30,0.00,0
6.39,2.13,17.68,10.29,7.35,0.00,10.60,0
13.33,9.54,12.00,10.08,4.67,9.83,9.35,0
4.25,6.44,1.79,7.86,8.27,12.08,7.55,0
11.01,9.30,6.21,7.59,0.91,8.54,17.21,0
8.60,0.04,18.23,4.55,8.18,16.61,4.13,0
0.00,15.35,5.82,5.43,13.58,6.16,16.12,0
6.03,11.20,3.05,13.66,7.87,4.05,17.33,0
9.30,12.68,4.42,8.91,8.31,13.50,15.91,0
0.86,4.41,3.53,7.68,4.56,5.32,7.86,0
6.94,12.93,5.14,10.02,10.72,4.79,8.67,0
2.05,2.04,3.20,8.73,15.17,16.76,10.10,0
6.07,17.14,0.00,9.75,7.12,7.48,8.67,0
3.27,9.22,17.97,3.16,13.53,12.11,9.01,0
13.39,11.53,1.01,1.94,9.03,13.21,3.98,0
0.95,14.72,5.05,7.26,4.60,7.53,11.62,0
14.34,0.00,12.90,0.68,7.63,6.92,4.23,0
6.13,8.05,4.44,11.20,11.31,10.99,6.67,0
16.93,12.72,7.45,9.20,17.73,0.00,0.00,0
16.48,12.90,10.46,16.28,12.59,11.22,16.15,0
13.30,8.25,6.97,13.16,11.66,8.71,5.25,0
12.86,14.90,9.43,7.41,1.32,9.86,8.54,0
10.44,19.80,0.94,10.91,16.84,2.42,15.15,0
8.80,11.47,6.19,5.15,5.28,7.80,10.67,0
21.27,9.20,0.64,11.55,1.84,6.60,2.11,0
20.13,4.66,10.12,10.46,8.02,7.75,13.68,0
11.83,11.87,8.30,10.86,8.97,9.61,8.36,0
11.70,11.74,9.63,10.87,16.48,10.13,4.99,0
11.99,2.02,6.98,7.70,10.81,13.63,3.56,0
5.45,22.76,10.81,7.23,5.86,13.95,3.29,0
8.25,13.17,6.63,1.34,6.71,6.53,6.47,0
10.96,1.23,7.93,4.54,12.09,5.36,13.99,0
13.97,7.36,9.50,16.14,3.93,10.29,4.54,0
8.33,10.48,4.73,5.43,8.59,3.13,10.32,0
1.64,10.39,2.48,17.54,5.77,2.44,6.41,0
7.29,0.03,0.00,4.73,8.83,0.00,9.15,0
3.86,11.07,4.92,1.88,11.29,7.05,7.37,0
11.87,4.21,11.06,0.00,10.21,8.44,11.11,0
8.43,11.98,16.92,4.42,1.60,0.00,9.52,0
4.77,8.56,16.26,10.33,4.99,6.26,15.87,0
3.84,16.33,8.71,17.97,6.08,8.60,6.16,0
0.00,0.00,7.81,10.31,11.91,1.79,6.80,0
8.11,3.43,0.91,6.81,4.50,8.48,13.74,0
1.07,8.31,8.11,11.01,9.15,1.62,0.00,0
11.28,12.27,4.83,15.36,12.66,2.56,3.28,0
0.00,0.00,6.41,11.98,5.58,2.21,0.00,0
19.04,5.31,3.14,10.66,15.22,9.68,10.25,0
11.24,13.33,3.72,5.36,9.50,0.00,12.57,0
12.18,11.36,12.03,12.69,3.84,7.00,3.76,0
17.57,13.10,15.53,8.35,13.04,5.12,5.80,0
14.95,6.65,8.45,8.62,9.12,0.00,10.12,0
16.63,13.32,6.21,11.18,13.71,5.07,3.66,0
0.00,2.88,4.90,6.93,0.00,7.79,9.43,0
6.66,5.80,0.00,9.92,13.78,2.10,5.34,0
15.33,12.26,3.65,9.63,1.89,7.70,4.28,0
8.64,9.08,5.95,16.90,2.95,4.24,4.83,0
5.77,12.41,10.56,12.15,8.38,9.55,2.34,0
4.85,17.28,10.18,5.21,0.00,10.28,6.86,0
9.09,10.03,14.29,9.20,8.97,9.00,11.43,0
7.93,16.57,12.38,19.18,3.60,19.81,4.18,0
3.37,17.66,8.77,4.25,5.34,13.75,9.54,0
2.34,8.89,4.28,8.25,4.18,11.81,0.00,0
6.58,10.97,16.12,18.94,16.51,5.80,0.00,0
9.86,0.00,17.46,11.25,2.67,11.42,6.73,0
15.76,13.00,11.34,9.23,5.30,7.73,5.14,0
4.11,1.60,12.38,2.03,16.46,11.77,5.47,0
6.37,16.32,5.38,8.22,9.64,3.30,9.77,0
9.18,6.68,4.32,11.58,10.92,14.11,7.26,0
0.00,15.48,17.10,9.60,1.63,1.75,11.37,0
16.85,14.75,4.15,4.84,8.33,6.14,10.27,0
12.27,5.51,7.52,1.12,5.64,8.21,7.27,0
8.10,6.28,5.36,4.23,12.74,4.43,2.56,0
11.24,8.95,6.88,10.08,13.46,13.56,8.48,0
15.67,4.21,14.53,10.53,15.91,2.38,11.13,0
1.10,2.28,15.63,13.70,9.32,7.90,1.91,0
3.49,12.02,10.80,7.50,3.72,3.23,4.45,0
15.90,9.53,5.42,3.71,0.01,7.47,6.67,0
1.95,12.38,6.47,10.67,10.04,2.98,6.11,0
14.55,6.21,9.97,7.34,0.00,11.26,2.39,0
4.76,9.70,12.36,3.24,24.06,17.84,6.45,0
10.34,7.58,10.47,3.63,8.23,9.02,14.41,0
11.29,9.99,3.13,11.46,9.84,12.01,5.57,0
5.16,9.99,5.71,0.00,1.81,5.15,0.00,0
8.82,18.85,15.40,11.67,19.32,7.26,11.93,0
14.76,11.61,13.24,12.30,0.00,4.24,10.97,0
8.18,10.57,6.78,12.82,1.60,8.17,16.98,0
11.82,16.85,3.73,14.49,2.36,1.34,8.51,0
10.06,1.18,12.33,4.98,10.84,10.76,10.48,0
13.67,8.86,8.04,14.10,1.95,4.26,8.53,0
4.15,6.83,10.06,8.62,7.74,0.00,7.83,0
12.77,4.68,9.05,10.99,15.83,3.43,6.03,0
16.82,0.14,7.74,9.78,13.00,14.88,10.21,0
8.12,19.31,6.81,7.19,11.25,1.89,7.16,0
8.08,4.37,14.66,5.95,3.72,23.48,9.26,0
6.72,11.04,4.87,10.12,7.14,10.87,8.76,0
0.00,7.32,3.37,11.66,12.81,1.74,6.71,0
5.86,11.88,9.98,9.44,3.74,13.27,5.36,0
9.28,10.86,11.98,12.99,7.22,11.03,10.15,0
11.02,6.64,5.95,1.37,1.90,8.91,1.03,0
4.38,0.00,8.82,8.76,4.38,10.26,0.86,0
9.10,6.54,4.52,5.09,3.09,9.55,9.89,0
5.03,11.87,9.44,13.19,5.44,10.57,10.96,0
10.50,13.08,13.14,13.66,10.04,16.92,12.22,0
13.10,2.47,6.77,13.17,0.00,4.38,10.94,0
1.76,6.61,8.04,9.19,4.57,6.48,9.56,0
11.41,4.67,9.34,18.06,7.09,7.18,9.15,0
11.85,16.24,8.64,1.90,19.35,12.92,0.00,0
10.51,0.00,8.91,11.42,4.45,9.75,15.10,0
10.94,6.64,11.04,6.60,14.97,6.90,21.37,0
18.56,6.24,8.29,16.66,8.10,9.29,6.52,0
3.59,15.89,3.33,11.30,2.20,5.82,4.05,0
0.00,7.92,12.90,5.24,4.71,11.00,10.35,0
0.58,8.15,2.73,3.91,2.07,12.76,9.36,0
7.56,16.16,9.42,0.00,7.12,9.80,1.10,0
10.21,12.25,3.99,13.30,11.62,10.25,17.24,0
6.26,7.41,11.73,9.80,11.19,10.29,16.53,0
4.56,9.83,1.85,4.34,14.14,7.58,0.97,0
4.87,9.54,7.65,11.01,18.85,13.17,7.34,0
7.42,0.00,10.08,15.11,12.52,6.68,0.00,0
9.61,14.93,11.22,10.51,1.61,5.62,6.90,0
3.85,9.04,18.20,6.00,3.73,4.67,7.72,0
16.35,21.03,14.34,13.33,5.63,5.80,15.89,0
1.97,10.49,8.86,14.20,4.14,7.18,3.13,0
2.55,12.93,1.13,6.58,9.17,3.20,1.22,0
11.64,0.05,10.89,5.48,4.22,14.32,10.19,0
0.00,14.39,10.91,11.52,16.39,0.00,5.57,0
8.45,12.91,9.66,7.28,8.63,1.44,15.65,0
7.45,12.57,19.35,9.40,11.61,2.16,5.71,0
12.98,13.43,10.68,13.32,10.50,11.56,9.46,0
0.82,15.10,12.45,9.45,6.64,3.95,7.71,0
13.03,8.94,4.76,23.45,9.40,14.42,6.21,0
5.99,0.00,6.99,12.54,8.66,0.00,3.76,0
4.94,10.35,14.29,12.65,11.24,7.41,4.23,0
0.01,4.72,17.86,11.99,8.65,3.85,11.08,0
6.74,16.69,14.16,11.86,9.95,15.18,7.34,0
8.13,0.77,5.23,4.46,11.04,14.40,16.26,0
8.11,5.51,7.63,12.89,8.39,12.07,0.19,0
9.55,3.94,11.98,10.83,0.38,7.50,15.73,0
3.53,0.00,9.88,2.06,8.68,10.73,7.99,0
9.20,3.78,11.61,14.59,9.15,18.12,10.89,0
11.07,9.61,6.86,0.91,10.51,12.23,13.89,0
4.65,12.97,8.23,6.14,3.47,6.20,7.48,0
14.32,16.21,12.88,1.64,11.40,7.99,4.78,0
0.00,19.26,4.61,9.34,17.69,3.16,10.87,0
4.20,13.75,15.54,15.22,0.90,10.74,12.02,0
11.12,0.00,9.90,10.23,2.60,10.76,15.53,0
1.49,0.00,6.26,1.16,3.14,18.68,7.07,0
9.11,3.40,2.35,7.29,7.21,10.53,3.40,0
2.05,2.09,0.61,6.58,10.56,7.29,12.00,0
5.08,1.53,2.28,2.00,14.68,6.79,10.78,0
5.13,0.00,14.82,16.72,4.46,12.61,7.72,0
15.79,10.98,7.14,5.09,6.78,16.91,3.50,0
3.70,8.51,10.51,8.00,7.77,9.10,0.68,0
8.93,11.46,8.86,13.92,7.83,15.41,0.77,0
5.59,14.82,6.68,8.77,21.64,10.41,1.96,0
4.56,11.27,12.95,4.58,9.58,8.95,7.98,0
14.76,2.52,3.72,14.15,2.80,6.76,6.20,0
6.66,1.66,12.17,12.06,15.19,6.29,0.59,0
5.50,6.83,14.90,10.46,6.44,0.00,9.61,0
9.41,0.00,5.00,6.51,6.68,10.66,12.66,0
5.35,8.22,12.69,15.81,13.66,10.05,7.29,0
9.84,0.00,5.29,14.05,6.97,8.13,3.55,0
16.74,5.49,0.91,11.85,15.91,8.64,15.71,0
6.20,8.80,8.01,3.10,10.41,2.31,2.86,0
8.01,1.77,15.15,5.61,9.73,4.62,7.59,0
17.05,10.78,9.07,2.40,9.85,14.57,15.66,0
8.17,8.65,2.00,8.81,8.44,0.00,3.24,0
0.78,15.33,0.02,8.69,11.82,8.51,5.03,0
8.09,8.73,9.16,1.01,3.79,0.94,6.59,0
5.46,7.06,9.65,5.80,10.50,16.85,9.10,0
13.82,9.93,5.69,15.13,3.07,14.31,24.00,0
8.43,16.12,1.83,4.64,9.81,9.81,11.45,0
11.36,5.38,5.50,14.24,16.74,6.78,8.94,0
5.86,5.35,9.55,2.81,6.81,10.75,7.77,0
7.37,14.23,9.01,2.22,10.93,8.99,11.65,0
0.00,8.89,8.52,5.46,7.22,0.00,8.23,0
0.00,2.81,13.99,12.30,14.49,4.56,6.66,0
12.79,0.02,11.37,9.84,3.56,4.16,9.60,0
20.71,14.10,0.27,5.42,5.94,1.06,8.45,0
9.28,7.11,0.28,7.88,7.04,2.49,9.12,0
14.62,8.37,2.61,12.20,7.88,4.57,8.82,0
10.43,13.49,13.43,14.16,0.57,3.54,1.69,0
2.06,9.47,18.40,10.05,6.20,0.42,16.62,0
6.36,13.59,5.94,5.25,10.23,3.35,7.35,0
13.30,4.87,0.00,7.44,19.20,2.25,2.76,0
5.67,10.72,14.59,5.36,13.77,10.82,8.56,0
13.16,11.55,6.92,6.36,11.30,16.52,14.56,0
8.05,10.58,7.47,13.65,11.63,1.66,1.05,0
9.93,12.39,4.28,12.42,15.41,18.18,8.71,0
7.74,0.00,6.32,5.14,0.00,13.10,1.18,0
10.01,10.87,4.27,13.82,3.29,14.82,4.56,0
3.44,18.44,9.73,1.16,11.94,4.56,11.53,0
11.68,2.92,0.00,17.40,13.32,9.64,15.53,0
6.01,14.38,9.34,16.92,13.33,10.81,11.75,0
0.00,11.06,12.86,11.87,9.76,3.04,3.31,0
4.72,7.23,13.54,16.13,0.00,13.09,18.59,0
0.00,9.97,3.34,13.99,7.13,8.31,4.82,0
10.38,6.54,6.06,15.10,11.12,15.64,7.96,0
9.41,10.27,7.54,12.14,12.65,3.42,9.14,0
12.38,14.85,13.92,15.24,0.00,10.38,11.85,0
11.81,11.90,9.86,6.32,0.76,13.42,1.27,0
12.14,16.83,5.63,13.45,9.68,7.81,6.21,0
8.08,3.82,4.82,11.62,11.76,9.57,1.12,0
17.70,10.93,4.60,6.68,5.34,17.80,9.60,0
17.38,0.00,14.33,5.93,10.01,6.88,15.29,0
16.09,7.93,13.11,5.12,5.98,9.82,10.56,0
10.51,22.87,10.28,11.69,11.14,6.28,3.81,0
7.38,4.95,7.64,16.79,13.34,16.87,0.00,0
11.31,14.42,4.28,5.00,6.96,6.06,0.06,0
17.32,4.18,14.45,8.93,7.00,6.61,6.63,0
10.04,3.20,10.67,8.78,4.65,17.14,16.74,0
6.78,12.28,14.93,2.74,14.04,21.81,10.43,0
0.00,7.73,12.14,8.19,6.65,17.29,0.33,0
10.39,16.32,14.72,17.37,9.26,11.71,3.10,0
0.03,0.61,17.03,5.03,2.88,12.73,6.34,0
3.77,11.77,13.40,12.11,12.05,10.96,12.18,0
4.98,9.52,8.62,9.04,9.61,5.58,14.60,0
12.35,9.59,8.49,6.74,4.46,0.45,4.13,0
8.42,7.66,12.48,5.81,10.76,8.75,11.42,0
6.60,11.10,5.98,8.70,7.12,10.12,0.00,0
0.00,18.42,4.58,8.85,18.71,1.84,8.90,0
10.22,9.98,4.11,0.00,12.42,5.91,4.04,0
14.50,4.31,11.32,9.68,10.22,7.42,8.53,0
2.94,9.80,2.48,14.62,0.00,8.71,14.73,0
5.01,0.25,12.71,7.97,4.15,2.98,4.05,0
4.06,13.35,0.84,9.57,8.54,7.64,11.59,0
4.54,13.98,5.49,8.99,0.00,0.00,4.80,0
11.48,3.89,0.68,3.48,8.14,5.72,11.66,0
16.96,9.26,12.32,17.90,12.58,3.86,4.35,0
10.14,10.16,10.65,5.92,19.18,2.02,5.99,0
0.00,4.66,0.00,6.85,6.91,11.85,17.29,0
24.57,10.63,6.06,2.82,0.00,0.00,8.36,0
10.61,0.00,10.76,17.09,6.70,14.31,3.90,0
9.03,3.27,9.17,1.56,14.57,10.51,2.52,0
12.38,9.04,14.12,8.69,12.49,6.52,8.10,0
8.21,6.41,4.82,3.70,16.72,0.00,9.59,0
4.68,13.91,10.91,13.56,4.41,9.09,8.17,0
11.10,11.07,5.41,1.84,1.46,2.21,1.76,0
7.89,19.50,14.02,13.57,5.92,16.72,8.07,0
9.95,8.78,4.21,8.55,15.70,3.43,4.12,0
8.53,12.10,13.20,15.33,1.07,13.23,5.15,0
7.95,0.00,12.44,3.01,14.44,15.51,10.45,0
8.68,7.40,10.21,18.51,1.34,10.36,13.12,0
12.02,13.30,4.39,0.00,15.67,16.73,7.19,0
12.94,0.00,11.81,2.30,2.62,0.00,6.17,0
14.25,0.00,17.33,0.00,2.28,9.61,11.91,0
7.39,10.53,7.62,5.07,12.94,3.85,6.10,0
12.92,6.46,0.00,17.48,11.75,9.91,3.54,0
13.59,4.48,3.35,6.46,2.42,0.00,10.10,0
4.41,7.47,9.97,6.81,5.70,14.97,1.00,0
0.00,6.10,5.03,3.53,15.31,1.69,2.40,0
3.44,7.44,5.25,6.03,7.92,15.10,10.96,0
10.78,3.52,0.00,10.13,0.00,18.61,5.99,0
6.83,11.27,5.33,15.17,0.00,7.92,11.74,0
9.84,12.25,10.30,14.94,9.44,9.84,3.50,0
9.36,8.34,8.56,11.40,7.38,9.45,2.74,0
11.23,12.07,8.74,16.49,15.65,1.75,1.58,0
19.16,7.80,20.11,0.00,6.01,12.80,5.33,0
9.32,7.31,13.43,9.80,9.11,10.43,12.28,0
1.11,1.75,7.92,6.84,6.84,3.47,10.66,0
0.00,8.40,5.99,11.67,11.20,4.57,19.05,0
0.41,4.92,0.00,10.55,3.22,3.72,4.34,0
3.69,7.02,18.40,8.28,4.87,1.95,10.99,0
7.86,6.25,7.97,0.92,8.45,2.88,11.55,0
10.18,2.78,6.54,5.07,2.45,8.82,0.00,0
10.24,4.13,11.10,7.85,8.40,11.31,3.24,0
7.13,8.53,12.21,4.71,8.43,0.24,9.64,0
6.72,13.29,16.19,14.99,4.60,6.29,9.06,0
9.23,7.03,3.18,6.07,7.62,17.81,13.47,0
0.00,7.40,10.81,10.49,5.34,11.83,0.00,0
12.23,8.28,3.13,6.03,2.99,4.86,4.37,0
10.18,24.35,4.88,10.30,6.48,8.09,0.00,0
11.43,9.13,6.40,21.08,10.12,4.77,8.41,0
3.73,7.23,5.22,9.70,10.05,6.89,8.51,0
1.95,9.49,10.33,13.62,6.47,3.08,7.71,0
8.88,9.04,5.78,14.38,8.91,5.22,3.94,0
9.18,14.46,10.22,6.28,5.95,11.73,12.45,0
5.67,5.65,3.10,11.11,10.55,6.73,12.92,0
0.00,10.88,15.37,10.98,6.40,12.49,9.65,0
11.80,4.71,7.69,8.53,13.59,6.95,4.47,0
14.15,10.78,10.91,3.91,0.00,5.18,12.67,0
13.93,7.27,9.56,10.55,13.06,8.61,4.20,0
8.69,4.14,8.44,7.06,5.27,12.97,0.00,0
2.36,8.29,13.25,12.99,7.18,7.98,3.65,0
11.11,7.05,2.99,10.04,18.61,5.10,8.18,0
0.00,11.14,10.37,10.93,4.86,12.88,0.00,0
4.80,6.99,15.59,0.00,15.15,0.44,7.03,0
6.83,8.73,11.99,8.38,7.29,5.54,8.67,0
9.37,0.23,9.65,15.76,11.27,9.64,7.95,0
9.43,6.12,15.96,18.86,4.73,17.62,9.62,0
9.11,20.16,8.55,13.84,13.08,10.26,7.72,0
9.10,4.93,0.00,5.28,3.41,13.57,8.91,0
8.28,2.92,9.76,12.44,20.02,0.00,0.00,0
0.00,7.99,5.59,1.08,5.26,18.35,7.07,0
10.32,15.34,14.41,10.16,8.34,8.00,4.23,0
1.32,8.48,4.69,15.04,16.73,1.52,6.59,0
8.77,8.48,10.07,12.96,14.75,3.59,14.42,0
13.50,11.28,0.57,20.87,17.28,9.38,6.14,0
11.02,18.75,14.97,2.67,15.14,1.93,0.71,0
10.19,12.87,4.35,10.46,10.27,8.27,17.55,0
9.52,9.67,13.59,6.41,11.86,18.92,2.84,0
6.85,4.45,11.12,3.10,9.13,0.42,8.14,0
0.00,0.00,17.36,13.49,7.77,11.00,4.35,0
7.86,12.45,6.13,12.46,5.08,6.06,7.78,0
15.51,12.39,11.19,8.74,5.33,11.30,4.66,0
14.58,12.13,5.59,15.37,5.77,10.09,8.02,0
8.87,5.01,12.80,12.62,6.92,13.22,7.18,0
3.27,0.71,9.99,8.72,11.71,11.68,4.83,0
7.90,6.02,13.44,7.45,4.03,13.88,6.45,0
8.58,3.23,12.02,9.71,12.35,8.49,9.74,0
23.52,14.28,5.05,12.42,1.14,18.40,2.17,0
6.83,17.16,5.42,0.00,6.15,0.00,3.30,0
2.69,7.69,8.35,12.69,0.00,1.18,0.00,0
9.08,0.00,7.52,11.65,2.45,4.30,12.06,0
10.05,5.24,12.71,9.18,8.31,0.00,5.39,0
13.69,12.88,11.99,5.24,8.21,2.62,10.73,0
11.17,6.07,10.12,7.31,13.55,5.75,11.39,0
5.19,1.32,6.09,9.07,6.96,19.97,6.26,0
7.49,10.82,12.45,6.73,16.54,5.02,12.86,0
4.70,3.14,2.29,9.72,11.03,6.72,4.70,0
3.06,16.38,9.83,11.55,10.40,10.95,12.52,0
11.61,1.99,7.67,9.15,12.76,5.06,9.60,0
14.19,7.53,7.76,9.40,7.51,7.70,9.78,0
9.41,14.33,14.55,5.20,16.03,3.08,14.30,0
7.99,15.42,13.54,5.98,26.56,5.78,2.74,0
17.71,12.67,10.48,5.32,11.39,2.36,14.94,0
4.28,11.40,11.26,6.29,1.62,7.05,13.03,0
6.26,2.96,5.61,6.44,7.27,19.52,8.28,0
9.70,7.60,9.51,13.49,10.10,18.05,10.69,0
10.31,15.42,2.19,9.87,5.98,7.83,12.92,0
4.45,15.46,2.09,14.75,8.20,5.38,12.14,0
7.57,6.62,10.28,8.34,6.96,1.42,13.25,0
0.39,14.61,11.18,12.31,8.34,10.93,9.06,0
15.35,3.71,22.83,9.55,10.07,0.00,12.10,0
10.01,7.69,6.36,6.28,0.34,13.71,11.92,0
4.88,14.05,16.08,16.67,9.88,11.87,7.53,0
13.27,0.98,7.32,11.82,12.61,14.39,7.64,0
9.08,3.43,15.39,16.30,13.52,10.95,13.86,0
9.04,11.36,10.45,8.32,11.41,12.13,1.78,0
12.25,9.57,6.49,10.87,6.86,8.84,6.24,0
2.94,13.66,12.50,1.78,12.14,8.11,12.96,0
15.48,11.44,7.00,10.34,5.33,10.87,7.86,0
11.23,16.43,8.44,1.81,0.13,8.46,4.18,0
5.22,12.14,0.00,7.56,7.41,13.45,9.35,0
2.23,18.38,5.30,6.58,10.90,11.69,12.15,0
10.18,16.26,2.33,10.44,13.95,1.52,10.80,0
8.56,7.53,12.84,0.00,0.00,0.20,14.38,0
4.00,15.39,0.22,9.02,0.58,6.76,3.46,0
13.30,7.09,8.57,13.93,6.00,18.04,6.54,0
7.13,16.73,7.15,8.71,2.79,0.19,13.15,0
10.37,15.65,4.11,8.75,3.26,10.08,8.02,0
9.19,9.62,8.08,4.08,11.13,7.41,13.72,0
23.70,10.47,7.89,2.37,21.29,18.76,4.59,0
13.78,20.26,0.00,7.42,11.11,4.79,2.14,0
8.89,6.36,10.90,16.69,7.64,4.79,2.45,0
9.39,4.58,2.53,4.58,14.87,0.00,12.31,0
5.71,12.74,5.43,3.99,13.65,15.26,9.43,0
12.13,0.00,18.63,0.00,15.13,0.00,7.67,0
3.60,15.39,13.59,7.12,12.96,8.56,7.32,0
4.09,5.04,19.41,5.60,0.00,6.99,7.58,0
9.93,12.59,6.69,14.23,11.38,12.92,12.55,0
12.40,8.47,10.37,10.30,10.57,10.59,0.00,0
24.91,13.90,4.87,5.05,7.19,16.96,9.65,0
6.07,8.96,3.21,4.81,7.75,14.80,15.20,0
3.03,6.70,10.41,6.07,11.88,11.90,8.10,0
2.91,6.02,7.42,10.35,6.29,9.81,6.44,0
19.64,13.75,7.85,9.02,14.56,4.99,14.98,0
12.22,5.14,2.85,17.03,8.56,12.81,1.02,0
9.48,13.47,2.55,9.37,10.59,9.05,4.77,0
6.33,13.16,6.24,19.46,3.20,3.59,9.46,0
17.26,15.97,8.46,18.98,16.44,11.30,2.85,0
15.87,3.83,0.00,11.66,22.08,8.04,0.00,0
10.02,14.01,2.79,3.26,6.11,10.80,8.31,0
7.98,12.89,17.22,10.90,12.22,2.43,0.00,0
11.35,2.53,2.33,7.30,12.25,12.66,8.29,0
16.45,7.36,11.82,14.62,4.27,10.08,9.09,0
12.15,15.92,10.75,12.60,12.62,14.69,9.40,0
9.42,11.94,10.22,3.44,14.16,6.63,8.34,0
12.92,9.59,9.06,7.26,11.53,3.87,0.00,0
8.18,16.26,10.33,9.75,9.80,13.58,0.00,0
8.40,7.65,4.93,1.06,7.97,7.71,14.12,0
7.83,14.44,13.99,12.89,11.66,5.84,17.78,0
5.95,3.04,7.21,4.93,5.92,11.86,14.84,0
5.88,1.31,9.61,12.52,0.00,8.21,11.62,0
9.17,18.05,12.13,3.57,9.76,7.05,4.41,0
0.00,9.60,10.07,7.52,7.32,12.33,3.05,0
10.01,0.00,12.94,12.44,7.98,5.39,2.74,0
8.68,4.31,8.53,5.18,12.42,3.65,1.91,0
0.37,7.63,6.78,13.81,4.49,2.40,6.04,0
10.70,11.05,9.37,5.49,11.01,12.55,9.17,0
15.24,0.00,7.45,2.87,15.63,11.70,8.17,0
8.91,12.29,1.07,0.00,8.68,11.42,9.69,0
25.92,13.80,14.60,5.48,3.58,16.95,15.05,0
11.89,3.54,9.70,23.23,7.24,16.44,7.78,0
10.42,5.44,4.65,13.06,0.00,5.70,5.45,0
12.53,8.77,8.18,10.37,4.29,5.88,10.59,0
9.24,12.24,16.09,3.65,20.16,12.24,2.51,0
10.85,10.03,11.86,3.44,14.69,13.67,4.52,0
12.15,8.92,7.65,14.50,8.67,0.00,14.10,0
14.27,16.18,5.87,9.65,13.90,10.35,5.77,0
13.77,5.79,6.61,10.34,2.01,5.97,7.44,0
7.91,5.14,11.35,5.77,15.64,13.81,4.51,0
9.93,7.10,9.27,10.77,15.80,11.38,0.03,0
6.24,4.17,12.71,15.95,0.26,14.99,10.08,0
6.42,6.76,5.58,2.19,11.03,0.00,10.74,0
16.17,21.41,7.14,9.36,1.69,1.31,9.50,0
8.96,13.05,2.77,13.30,5.13,13.72,11.40,0
7.84,2.16,18.00,13.98,6.73,16.45,9.74,0
2.94,11.36,6.20,4.57,8.56,4.23,8.53,0
9.74,3.08,10.16,10.07,10.08,11.38,9.55,0
12.93,10.30,5.15,12.42,15.46,5.75,6.56,0
19.77,17.37,9.65,12.28,15.17,14.34,6.90,0
8.13,7.16,10.40,7.96,8.36,7.70,4.52,0
6.17,15.03,14.87,10.70,10.05,10.99,2.07,0
10.26,16.40,3.72,8.43,4.00,11.73,4.00,0
12.24,0.00,7.22,1.46,6.98,15.21,15.37,0
5.76,10.25,10.33,0.00,17.25,8.19,6.98,0
9.31,6.62,8.97,5.78,5.74,6.86,0.00,0
11.42,22.77,8.91,0.00,18.46,7.84,8.61,0
7.94,2.84,10.69,1.86,8.05,3.21,9.13,0
3.96,6.27,10.84,9.88,4.91,6.32,12.44,0
10.22,11.62,2.34,2.48,12.79,15.01,11.84,0
9.50,4.02,7.50,2.76,16.58,1.04,8.51,0
6.26,12.35,5.18,6.79,8.70,10.52,10.50,0
16.36,8.58,14.55,5.54,10.39,4.75,7.42,0
13.60,6.73,8.74,6.89,8.75,10.22,17.28,0
9.08,5.23,10.46,7.63,14.24,19.02,9.14,0
13.24,10.41,13.90,17.16,13.63,1.26,5.46,0
16.38,4.47,8.32,5.31,0.00,0.41,7.08,0
4.30,10.30,11.45,4.22,9.71,12.77,4.02,0
15.84,9.34,3.76,18.10,6.45,3.05,4.12,0
8.19,10.45,6.92,14.17,8.80,9.95,4.58,0
9.40,13.24,4.99,11.78,13.16,6.71,16.00,0
13.14,9.69,13.21,10.16,6.64,5.89,12.88,0
5.52,8.28,13.88,13.40,7.30,5.77,11.07,0
0.00,15.19,13.34,14.62,10.70,6.49,4.46,0
6.35,12.11,9.66,11.71,10.78,4.32,10.00,0
9.74,15.52,5.79,9.99,4.52,13.77,16.62,0
0.00,8.63,10.51,6.39,24.76,1.54,1.00,0
5.84,17.03,12.83,16.53,3.62,7.18,8.47,0
10.61,6.47,5.99,16.98,10.30,2.80,11.37,0
12.67,11.16,5.38,14.54,5.41,6.32,11.22,0
1.51,4.74,11.18,18.99,15.41,9.78,11.28,0
13.58,14.50,13.98,0.24,8.12,5.92,12.17,0
13.28,6.55,11.85,7.13,0.46,8.18,0.00,0
0.00,9.79,7.25,7.58,1.83,14.68,3.59,0
7.83,11.01,9.43,4.57,10.67,3.50,9.25,0
11.97,10.22,6.06,6.16,9.33,9.03,1.84,0
14.68,15.45,6.06,13.85,14.78,10.13,5.96,0
6.11,12.77,13.44,11.34,5.96,11.74,15.49,0
16.40,0.00,11.68,11.65,10.31,7.24,6.90,0
0.00,5.10,14.50,4.55,11.78,6.34,11.84,0
16.49,0.53,5.37,6.02,4.66,9.30,6.74,0
6.14,13.72,10.45,18.59,11.39,0.00,8.43,0
5.20,3.21,6.00,9.01,12.94,10.57,4.45,0
6.99,17.52,9.87,2.96,9.19,5.55,10.26,0
12.02,0.69,10.70,15.34,11.89,16.80,1.38,0
13.69,9.71,8.34,10.57,8.03,16.79,0.58,0
9.60,8.32,4.94,9.32,9.63,6.02,11.01,0
16.51,5.28,9.81,12.20,8.75,0.25,4.89,0
11.24,3.79,11.54,11.40,4.57,10.85,18.67,0
14.68,1.54,5.06,10.74,11.99,11.63,5.33,0
9.76,5.40,5.25,3.93,11.94,7.12,8.73,0
11.63,14.30,6.42,3.66,10.42,13.09,8.41,0
4.30,7.21,4.07,3.91,17.57,6.76,6.21,0
4.34,5.32,7.10,0.02,9.41,5.53,8.58,0
10.09,22.68,4.03,8.90,16.37,18.03,7.27,0
11.71,17.03,8.61,14.96,5.19,2.26,0.00,0
8.78,2.19,5.48,13.65,3.17,5.20,6.98,0
7.86,4.93,17.76,4.72,3.00,12.19,3.02,0
9.41,3.52,11.92,8.65,7.99,1.80,8.28,0
2.20,5.79,2.06,8.04,8.20,3.87,7.47,0
9.85,6.53,3.90,12.34,7.73,5.29,4.52,0
11.44,9.16,7.42,6.47,13.16,14.70,2.16,0
0.00,4.76,20.25,12.19,7.94,1.39,13.40,0
1.71,10.24,10.83,7.52,15.83,8.88,18.03,0
1.90,7.40,9.65,14.66,19.16,7.20,4.93,0
18.40,17.12,7.62,6.06,5.26,13.02,4.38,0
20.05,10.35,12.11,18.90,2.36,13.52,13.60,0
13.00,7.05,5.67,4.49,1.25,3.95,9.70,0
16.57,5.73,11.42,19.07,15.71,4.46,5.73,0
17.68,10.23,18.59,7.43,6.72,10.32,15.79,0
11.24,13.16,5.72,0.00,15.55,17.45,10.20,0
1.52,15.79,5.27,3.50,6.44,8.62,5.53,0
4.25,6.39,6.19,7.97,14.29,2.09,5.38,0
5.04,1.63,6.16,14.37,0.39,6.64,11.08,0
4.48,2.69,7.54,0.84,14.91,3.91,9.82,0
17.57,7.62,8.84,14.31,9.05,4.32,5.42,0
11.99,9.34,10.02,9.81,1.72,8.99,9.42,0
6.26,10.53,9.67,9.74,4.52,10.83,7.21,0
0.00,4.64,5.53,4.05,10.43,15.50,0.00,0
6.66,2.86,7.49,2.87,5.40,11.64,13.42,0
4.08,6.04,8.71,11.52,11.60,7.98,13.25,0
25.27,7.39,7.36,8.87,11.35,6.78,19.26,0
8.58,11.83,16.45,9.57,10.75,17.10,1.85,0
18.50,4.10,5.27,0.00,18.59,6.32,11.36,0
14.44,14.13,14.52,14.77,0.00,12.14,3.26,0
7.76,8.77,9.23,5.10,12.17,2.60,16.15,0
10.26,18.17,2.53,3.96,6.88,15.48,11.06,0
13.51,4.87,4.26,17.39,6.86,7.66,4.99,0
14.58,19.03,5.24,14.48,0.00,4.76,0.00,0
7.12,10.15,11.79,14.77,9.71,3.97,0.59,0
10.34,7.79,7.07,1.29,8.35,4.88,7.27,0
6.47,3.98,8.00,9.53,6.57,4.15,6.23,0
4.81,8.85,10.37,10.18,7.93,4.37,2.28,0
6.67,18.81,12.06,17.42,3.31,20.66,7.94,0
9.38,4.57,6.18,8.57,16.62,2.81,8.20,0
19.87,0.73,8.01,3.70,11.75,6.18,8.90,0
15.37,6.83,8.32,0.31,12.96,0.81,3.42,0
0.00,10.76,16.21,5.70,8.88,1.62,8.87,0
4.61,20.35,8.21,7.36,6.25,9.91,6.39,0
9.70,13.85,11.48,14.54,5.96,12.28,1.96,0
8.24,4.34,10.98,12.24,4.10,4.20,6.88,0
7.23,9.15,6.72,5.97,4.82,17.36,10.55,0
3.67,4.14,5.23,12.52,9.96,7.21,4.93,0
12.74,8.30,8.76,9.01,8.20,13.69,7.16,0
3.37,12.19,7.68,4.17,13.01,8.04,6.67,0
12.70,8.46,11.86,6.63,17.41,0.00,6.25,0
0.00,20.50,11.02,15.06,13.59,6.33,6.77,0
13.50,10.83,5.69,3.16,7.22,6.18,10.91,0
3.48,0.10,20.15,6.60,0.10,13.01,9.77,0
7.63,4.28,3.59,6.47,0.00,5.84,0.97,0
16.47,6.72,10.13,6.41,8.58,14.62,9.90,0
0.00,19.53,17.12,8.69,9.85,8.37,13.05,0
7.76,15.62,4.07,11.12,16.28,12.24,10.98,0
13.63,1.33,0.00,2.50,12.92,16.14,11.42,0
2.98,3.41,0.00,14.13,9.88,4.46,11.54,0
5.06,6.38,12.04,6.13,7.11,14.56,4.57,0
7.10,14.76,6.17,8.89,8.58,13.41,15.35,0
9.98,12.31,10.60,5.26,10.52,6.66,12.81,0
10.80,0.00,8.89,12.04,3.58,4.37,9.86,0
4.87,9.44,13.20,14.59,5.96,5.65,11.07,0
7.73,14.91,1.93,7.44,19.32,9.92,6.24,0
8.04,3.91,9.93,0.07,8.24,8.43,1.55,0
2.63,7.29,9.49,1.53,11.69,8.41,9.48,0
7.39,8.83,2.13,4.91,8.65,7.60,8.30,0
13.28,0.56,12.30,1.70,9.43,0.93,5.49,0
10.63,5.98,10.74,11.72,0.06,7.20,4.88,0
3.24,8.23,6.75,6.93,0.00,14.97,18.73,0
17.92,12.49,6.17,9.67,9.84,1.36,4.31,0
9.55,15.60,7.08,9.21,14.33,11.49,6.20,0
11.24,10.66,6.67,10.95,5.74,7.87,14.31,0
8.88,0.00,14.24,4.59,9.53,6.87,7.03,0
4.48,5.42,5.11,8.27,6.74,10.36,0.00,0
3.06,0.00,9.18,8.43,10.93,4.76,11.68,0
4.57,7.62,5.43,2.01,11.40,9.78,3.09,0
0.00,18.48,13.76,15.80,1.04,10.24,9.90,0
8.16,5.35,10.58,13.15,11.53,1.00,3.73,0
13.21,8.35,8.59,7.98,7.99,0.00,1.61,0
6.28,1.76,3.89,11.93,14.23,0.03,5.88,0
10.12,13.78,5.92,8.48,7.42,6.91,4.19,0
5.74,14.60,9.25,8.60,11.13,15.75,1.11,0
8.66,14.27,9.60,7.22,4.73,13.40,6.28,0
11.61,3.81,13.21,9.82,10.19,11.02,18.43,0
10.16,0.44,12.44,0.00,1.87,14.84,9.72,0
8.36,8.01,11.25,21.04,11.88,5.80,7.96,0
9.21,8.56,12.98,11.57,18.96,12.25,0.66,0
13.34,4.11,0.00,0.00,4.52,5.00,9.70,0
13.22,10.01,3.37,4.07,13.70,17.68,12.64,0
8.16,19.60,10.12,8.31,3.40,5.55,8.02,0
0.07,13.40,14.10,11.01,9.75,8.91,11.73,0
9.90,16.02,7.09,9.59,9.04,19.28,7.61,0
16.34,11.87,0.90,9.41,0.00,0.07,0.00,0
4.20,12.39,7.58,13.91,2.63,7.24,4.72,0
7.45,11.26,12.01,5.80,16.19,6.03,13.48,0
0.00,0.00,4.39,0.83,6.18,10.92,11.18,0
7.51,6.23,6.85,0.00,0.00,5.20,6.97,0
8.57,7.38,7.95,3.61,8.19,4.92,2.33,0
11.24,2.57,3.06,11.79,8.49,5.90,4.30,0
13.58,11.95,7.72,9.10,7.20,13.13,0.00,0
3.63,6.67,16.07,10.09,6.34,8.67,10.25,0
8.88,12.05,2.58,5.65,16.06,7.10,6.59,0
11.99,5.18,4.61,12.86,16.70,0.00,2.19,0
4.56,1.67,7.67,18.75,7.35,9.41,9.81,0
10.24,8.44,13.54,11.52,9.44,12.13,6.30,0
15.44,22.42,13.94,2.93,11.10,12.76,14.08,0
8.61,2.19,4.68,13.17,7.47,1.65,0.00,0
3.17,13.60,11.09,4.89,4.06,9.56,7.00,0
6.79,6.97,9.82,10.89,5.80,5.44,10.45,0
6.63,5.00,17.07,6.32,9.45,13.48,11.70,0
2.29,13.01,15.37,3.07,11.82,4.75,10.52,0
1.24,7.64,4.89,11.44,5.30,11.59,8.14,0
6.69,12.22,6.39,11.69,7.98,13.14,9.38,0
4.79,10.35,9.23,16.14,7.51,6.79,7.81,0
21.79,11.09,11.35,9.97,21.04,0.00,4.36,0
15.15,15.84,9.83,5.45,4.60,9.39,0.36,0
3.96,17.85,15.56,0.00,5.78,11.92,9.32,0
8.02,11.82,4.44,9.46,11.52,7.84,9.82,0
16.75,5.50,4.34,11.75,2.31,4.08,6.25,0
9.57,3.94,7.82,18.54,11.21,11.74,15.16,0
7.05,9.34,13.51,5.84,6.39,13.27,4.19,0
20.15,10.52,4.09,6.06,3.77,4.17,10.64,0
9.06,0.15,5.89,16.14,0.00,11.93,15.36,0
5.06,8.19,6.37,4.23,17.79,12.53,0.00,0
6.06,2.92,16.88,11.86,16.82,7.21,2.01,0
9.81,9.53,10.32,0.00,8.68,2.78,8.23,0
8.19,8.80,8.62,2.32,0.92,0.00,4.02,0
7.87,8.32,7.58,10.89,4.54,0.05,3.57,0
16.56,3.04,8.27,9.87,14.43,6.64,11.92,0
4.07,11.46,16.92,10.93,0.00,1.48,5.90,0
3.91,0.00,2.57,12.58,2.73,11.70,5.33,0
5.11,0.00,0.64,9.11,8.15,7.07,12.99,0
3.15,0.45,15.18,14.05,10.27,7.89,5.15,0
17.73,12.79,10.92,8.64,3.01,12.40,4.34,0
7.94,12.52,5.12,8.71,0.15,7.21,10.64,0
14.84,9.66,8.23,6.46,9.06,9.23,1.01,0
7.76,17.14,3.14,6.08,7.84,18.05,4.56,0
8.15,12.60,3.72,4.19,6.50,8.07,3.85,0
9.56,11.47,7.14,9.36,8.07,8.13,7.22,0
5.90,20.09,11.63,9.34,17.51,4.68,12.26,0
12.97,6.63,9.74,10.25,5.38,6.94,15.85,0
0.92,2.99,6.86,13.25,10.62,13.50,3.18,0
4.61,14.91,2.79,7.04,9.78,1.28,1.94,0
7.23,18.71,15.13,8.38,7.21,6.34,20.19,0
7.34,3.02,6.67,5.44,13.12,12.27,9.51,0
5.17,3.32,8.97,15.50,14.91,2.03,6.44,0
15.15,2.34,9.70,8.08,18.28,5.38,11.08,0
0.07,11.80,9.05,7.60,6.16,4.30,6.89,0
13.24,6.84,10.21,14.80,7.57,5.91,5.40,0
8.94,12.78,5.75,15.22,7.58,11.17,6.10,0
2.31,8.47,6.06,11.57,11.64,8.00,6.97,0
0.00,2.76,9.75,5.99,13.91,14.09,7.58,0
9.68,5.59,7.76,5.42,17.94,9.71,13.42,0
2.00,4.26,11.62,7.80,9.13,11.29,6.37,0
9.39,0.00,10.55,4.46,0.31,0.00,4.27,0
18.59,10.28,10.28,5.72,8.23,9.03,1.68,0
6.59,13.39,11.08,8.75,9.83,15.83,10.57,0
16.14,12.92,5.67,8.30,5.17,15.45,6.40,0
8.38,4.56,12.05,9.44,13.47,10.93,8.47,0
15.22,8.53,5.71,10.40,4.83,13.25,8.98,0
22.26,6.87,10.37,9.42,0.03,14.97,6.02,0
7.20,13.08,4.89,7.94,3.25,2.50,7.64,0
19.44,7.38,13.81,3.74,4.95,0.00,5.65,0
14.01,11.67,5.36,14.12,10.98,2.49,4.59,0
11.39,13.95,14.03,5.89,7.97,4.34,13.15,0
2.49,3.69,14.65,3.38,5.04,12.15,1.38,0
14.80,8.29,12.49,23.86,13.39,17.05,6.86,0
11.06,5.49,12.72,4.06,8.51,0.44,0.00,0
10.04,0.00,8.67,13.96,11.54,2.49,11.09,0
9.26,9.06,15.05,13.61,12.91,14.19,0.00,0
7.96,7.65,6.64,7.24,12.38,6.70,10.86,0
12.46,18.09,16.04,5.05,8.94,15.30,0.00,0
8.59,0.00,5.94,6.81,10.58,10.51,6.30,0
7.34,8.10,20.47,0.85,12.30,11.15,12.34,0
5.25,5.52,11.27,15.70,13.75,1.08,5.79,0
0.00,20.12,9.73,7.91,7.67,10.16,2.19,0
4.24,11.70,4.32,10.90,9.49,10.36,5.02,0
15.43,6.92,6.52,3.51,21.57,12.75,3.27,0
8.44,13.82,10.31,0.00,9.63,4.44,5.15,0
18.96,14.40,5.83,14.37,8.13,9.99,9.57,0
9.21,11.68,9.96,9.53,10.23,17.09,8.02,0
12.37,6.65,7.68,1.25,17.35,14.16,0.00,0
15.50,1.08,11.66,11.62,5.32,8.02,4.79,0
4.64,11.68,7.20,9.78,10.83,4.33,7.94,0
16.98,7.54,0.00,16.79,10.71,10.84,6.65,0
12.26,5.96,7.16,4.80,3.49,12.12,6.18,0
13.83,10.42,7.60,4.35,17.08,11.15,11.74,0
14.00,21.14,10.08,5.16,13.54,5.54,10.18,0
5.51,3.40,0.81,12.65,10.98,4.62,13.36,0
9.10,7.31,6.40,10.58,14.05,10.65,7.03,0
13.35,12.34,9.89,5.74,12.51,7.11,5.15,0
1.02,10.89,9.17,12.62,15.06,4.30,13.38,0
12.20,6.41,13.74,12.45,10.92,8.67,12.69,0
4.30,14.22,9.57,7.10,5.67,14.67,17.39,0
13.25,4.72,15.75,10.75,2.42,5.79,8.25,0
4.78,8.17,4.01,6.73,1.94,0.00,9.85,0
6.32,17.30,10.29,7.98,8.58,10.26,4.20,0
16.44,9.12,12.99,10.90,6.19,12.04,10.92,0
5.69,6.67,11.33,7.31,6.34,7.88,8.66,0
6.65,16.06,1.86,6.78,6.22,14.18,4.88,0
16.37,13.07,10.88,14.13,11.76,8.91,0.00,0
6.74,10.93,18.33,0.00,7.58,10.59,0.00,0
9.35,12.70,11.86,4.43,14.05,7.49,10.85,0
4.04,7.30,7.19,7.96,0.02,9.87,4.91,0
6.04,11.19,5.82,5.01,7.47,5.11,5.08,0
10.37,11.81,14.83,17.86,13.85,8.00,10.15,0
1.03,0.00,10.15,9.00,12.73,11.05,4.13,0
19.31,10.42,7.10,16.69,11.51,4.74,6.86,0
10.31,10.83,8.37,8.42,17.17,8.10,2.76,0
8.80,12.11,1.44,1.46,0.87,6.23,14.97,0
8.99,3.00,11.81,7.50,11.49,8.97,11.43,0
14.28,0.00,6.07,14.71,0.34,10.17,5.66,0
2.74,3.42,12.17,7.69,4.79,10.42,4.46,0
13.54,13.08,0.91,7.18,7.56,16.54,10.63,0
9.14,7.87,10.02,1.89,8.40,6.61,12.27,0
8.70,7.48,6.14,11.87,0.00,9.64,7.50,0
7.47,0.00,7.83,6.79,12.05,19.30,5.08,0
9.74,0.00,8.67,12.09,9.32,9.95,1.75,0
0.00,9.63,6.99,11.87,10.39,14.40,8.59,0
4.67,9.53,9.96,19.06,8.00,16.81,5.20,0
4.16,0.56,7.36,6.81,22.01,9.10,7.50,0
16.41,11.20,5.33,1.44,9.58,6.21,7.92,0
4.69,14.32,3.27,8.37,16.73,9.11,2.43,0
6.08,16.83,6.88,0.46,10.58,1.44,11.67,0
14.23,7.90,11.58,9.79,11.99,13.65,4.29,0
8.84,6.87,9.95,3.54,4.67,3.88,13.16,0
9.06,18.48,7.97,3.58,11.58,7.08,3.44,0
12.15,4.66,18.45,6.67,3.34,9.59,4.54,0
17.63,8.46,10.77,6.53,9.85,14.69,0.00,0
10.65,7.00,5.88,5.61,0.66,0.00,7.16,0
6.39,5.31,17.93,7.91,0.00,10.22,15.21,0
18.52,0.60,17.16,12.70,10.09,12.29,7.78,0
16.22,3.09,9.37,14.90,6.33,8.22,7.80,0
4.38,11.70,5.48,4.63,10.10,13.07,9.38,0
8.22,3.10,7.57,5.69,13.00,8.06,12.55,0
13.42,10.62,7.48,13.23,12.14,6.82,8.52,0
10.55,8.51,7.58,9.85,6.00,0.86,11.35,0
17.51,5.14,4.89,4.33,9.58,8.27,8.99,0
6.02,15.20,10.24,13.72,9.09,8.83,0.00,0
8.30,13.85,3.51,6.34,10.21,8.71,9.03,0
8.46,13.03,7.18,13.15,2.76,8.89,10.91,0
20.28,11.68,6.00,8.85,7.62,12.45,10.66,0
3.34,3.98,11.75,7.28,0.00,5.90,9.08,0
2.69,0.00,3.54,11.01,7.71,15.57,3.20,0
11.20,6.40,10.02,12.51,5.12,4.47,12.54,0
4.10,12.17,2.84,0.58,0.00,13.68,6.69,0
3.25,8.44,14.48,13.24,8.54,13.36,5.21,0
9.28,0.00,3.69,4.90,9.40,0.00,27.54,0
12.21,6.44,15.82,2.96,12.86,15.55,8.44,0
4.12,3.09,10.61,19.45,1.76,13.40,2.68,0
13.01,9.31,12.02,0.12,5.19,10.11,3.80,0
10.07,2.23,10.92,3.81,5.17,5.23,7.45,0
13.42,4.50,11.18,9.72,14.06,14.85,4.01,0
12.33,7.63,12.27,13.42,4.52,4.65,6.68,0
14.22,3.93,2.91,5.95,2.10,6.43,5.91,0
0.53,8.78,16.80,0.24,7.15,10.20,6.63,0
7.97,12.76,14.43,14.09,15.25,4.25,6.16,0
2.38,8.68,4.90,7.06,9.74,14.68,0.00,0
9.58,0.00,9.47,16.37,10.58,0.00,14.18,0
2.71,10.14,9.56,12.26,10.86,9.21,5.50,0
7.96,8.23,13.35,0.00,0.30,9.62,1.54,0
3.98,8.21,14.62,0.00,10.09,2.00,1.19,0
4.81,3.89,0.98,9.89,7.01,7.75,11.80,0
0.56,3.13,10.73,7.31,6.57,4.18,12.87,0
5.53,15.00,3.83,6.94,8.75,5.10,10.34,0
2.32,13.26,4.28,8.49,1.89,5.69,6.04,0
8.09,7.96,17.15,7.86,14.16,10.84,4.44,0
20.49,1.18,5.44,12.96,2.28,4.57,13.56,0
15.36,9.98,4.04,0.00,8.01,9.52,10.92,0
13.79,14.58,10.33,18.53,6.83,11.28,8.65,0
2.08,7.32,2.45,6.27,4.27,1.58,6.29,0
12.83,13.27,4.82,10.31,2.99,3.19,7.09,0
14.56,2.19,6.42,8.61,2.41,7.32,9.95,0
12.68,6.71,19.57,8.63,11.46,10.02,9.16,0
11.18,16.19,6.96,10.69,8.27,13.31,7.46,0
12.60,6.11,9.40,13.07,6.80,1.34,8.28,0
4.20,12.90,6.57,18.66,0.96,8.27,6.83,0
4.41,11.19,13.48,12.55,8.93,12.36,5.27,0
10.43,1.54,8.94,5.10,4.34,14.91,4.61,0
6.11,10.29,8.50,9.33,18.64,5.03,14.18,0
2.81,21.50,9.44,8.93,1.27,3.70,8.66,0
12.23,0.00,15.65,22.78,10.64,7.87,14.17,0
0.00,8.01,9.65,9.57,7.84,5.65,1.37,0
1.04,12.90,5.41,7.22,10.65,8.15,10.63,0
16.36,9.10,0.00,13.11,14.98,0.00,7.28,0
14.30,16.69,2.79,14.87,6.09,9.46,4.31,0
19.44,6.77,4.02,5.98,3.77,3.22,10.47,0
11.50,4.72,3.20,14.89,1.67,13.70,6.02,0
14.84,8.91,3.51,7.70,5.87,8.96,9.03,0
9.25,4.32,10.31,14.09,9.09,1.37,8.70,0
1.49,16.49,15.69,4.34,9.22,6.01,7.44,0
0.00,9.53,9.57,7.22,5.51,0.53,11.78,0
12.91,2.28,7.02,10.17,11.80,12.35,7.48,0
0.00,16.62,7.82,8.02,20.04,0.97,6.53,0
2.40,7.65,9.46,5.96,13.00,5.72,10.93,0
0.74,0.00,8.82,0.00,3.10,14.13,10.47,0
9.16,10.82,6.67,2.80,10.66,12.07,6.21,1
7.04,3.08,20.98,14.60,8.50,8.80,1.75,1
15.62,11.45,7.37,12.65,7.45,22.36,3.51,1
22.51,3.96,9.78,4.22,7.08,4.45,3.92,1
8.59,11.98,2.84,7.68,13.65,22.33,12.21,1
1.29,11.27,8.20,12.06,16.50,16.87,9.09,1
8.27,17.06,4.16,10.90,16.22,8.14,14.52,1
8.13,12.15,6.71,14.41,20.26,11.40,13.45,1
10.71,3.31,14.28,4.67,7.99,11.50,18.62,1
5.70,19.24,12.14,10.07,13.01,15.66,10.64,1
8.25,0.73,7.47,3.52,12.39,2.28,14.17,1
6.13,5.83,9.09,10.60,8.10,9.11,25.11,1
5.08,0.93,8.47,15.00,2.23,8.62,17.30,1
7.13,9.12,12.48,6.32,10.26,9.62,10.70,1
15.98,18.79,3.14,2.51,3.13,17.83,0.00,1
4.59,3.29,3.19,3.01,5.84,10.19,15.25,1
9.42,13.47,12.71,16.04,13.52,18.79,17.20,1
6.80,7.47,8.32,0.00,8.80,8.33,4.64,1
14.12,5.06,12.75,14.65,11.66,16.36,5.48,1
2.65,6.84,12.04,5.45,9.88,8.78,5.37,1
2.28,12.37,11.94,12.74,16.25,8.05,8.61,1
2.91,11.51,12.69,11.77,12.43,0.93,12.70,1
19.23,13.91,10.53,12.06,6.48,13.21,15.81,1
4.28,12.26,13.39,10.08,5.73,20.37,11.47,1
8.03,7.33,4.57,13.94,18.03,3.73,5.36,1
14.66,4.63,10.32,14.21,10.87,9.53,14.04,1
8.86,2.38,3.91,2.57,9.64,7.85,9.15,1
14.55,9.34,7.51,9.05,13.17,3.55,0.50,1
17.22,18.53,6.37,13.30,13.40,11.04,9.01,1
16.17,10.81,4.12,1.80,6.93,15.68,8.40,1
11.44,12.67,14.13,13.30,15.06,7.01,11.01,1
11.40,9.30,14.37,5.19,5.84,4.18,6.28,1
4.56,11.08,7.85,9.86,7.94,18.76,6.42,1
4.03,8.93,11.58,16.32,7.24,11.01,20.32,1
8.47,9.64,10.43,11.69,5.96,13.08,4.35,1
6.69,15.97,9.38,9.34,7.96,6.41,7.57,1
10.91,7.50,8.65,14.42,7.75,12.02,13.45,1
11.69,17.23,16.63,3.43,2.75,15.68,11.10,1
0.00,11.38,9.45,2.85,14.12,19.75,6.34,1
14.98,17.52,15.19,2.72,13.26,6.83,7.40,1
9.55,4.77,2.82,11.56,12.97,8.35,1.10,1
8.33,5.14,9.54,0.67,10.32,8.86,11.89,1
8.10,18.37,10.72,10.16,7.74,15.31,2.96,1
7.82,14.91,10.42,16.05,12.19,14.37,12.59,1
12.02,13.50,7.87,0.00,14.78,5.23,13.32,1
10.25,7.64,3.53,8.33,8.17,6.27,0.14,1
5.47,9.70,10.20,4.89,3.97,9.11,6.40,1
0.47,5.37,7.09,9.06,5.74,12.92,0.00,1
8.61,3.06,9.80,0.00,10.66,9.73,18.19,1
2.68,12.12,6.86,13.75,11.66,12.87,9.45,1
7.99,14.92,14.08,5.81,12.93,6.94,5.75,1
14.66,9.78,13.23,8.48,0.56,11.76,10.67,1
5.41,7.44,4.52,14.15,3.75,8.36,3.36,1
9.78,9.71,18.91,18.18,3.15,4.99,9.71,1
8.71,6.30,13.95,0.81,14.12,8.49,11.36,1
5.13,2.82,7.24,12.47,5.18,16.19,6.00,1
7.99,13.97,8.74,5.55,21.73,16.76,1.05,1
6.86,12.83,11.29,3.27,0.00,1.54,7.97,1
1.12,11.14,10.27,12.98,9.50,5.60,3.54,1
13.96,9.93,4.73,17.15,16.60,10.93,0.00,1
10.57,14.71,6.57,11.71,8.97,9.75,15.96,1
13.31,0.54,8.69,15.70,9.79,13.68,4.21,1
5.80,5.74,9.18,12.10,9.68,1.65,4.07,1
19.54,19.05,10.60,20.54,0.95,8.05,6.66,1
18.85,14.23,1.41,5.88,6.79,13.16,11.57,1
7.35,11.81,6.75,5.17,6.67,13.86,3.56,1
16.64,5.84,2.37,12.34,12.34,7.06,11.62,1
13.78,12.31,3.71,4.26,3.12,3.19,7.83,1
7.96,9.55,8.42,11.11,9.97,14.06,5.34,1
7.58,8.36,14.69,17.59,12.02,4.60,19.80,1
13.96,4.48,15.74,14.52,9.23,8.83,11.18,1
13.21,12.40,11.32,5.90,16.92,9.22,7.24,1
10.61,7.80,13.45,6.45,10.87,3.74,15.01,1
1.52,13.86,11.64,17.34,2.42,9.80,9.40,1
3.34,4.61,14.48,9.74,18.87,14.35,5.54,1
17.31,0.00,12.63,16.63,14.59,9.39,9.12,1
0.00,7.82,11.74,10.91,10.49,10.54,0.00,1
1.77,11.75,9.16,3.85,10.54,6.28,1.94,1
5.16,11.09,7.21,7.00,13.13,9.35,9.95,1
2.23,6.56,6.53,10.79,7.53,24.41,10.78,1
7.15,14.26,17.25,7.24,0.57,16.18,16.42,1
13.08,10.56,9.20,3.30,4.92,11.65,15.68,1
14.22,5.82,9.60,9.97,1.14,13.27,12.49,1
18.17,14.05,12.31,24.54,6.26,8.61,6.18,1
21.84,9.54,6.12,15.92,13.81,9.33,8.69,1
16.09,9.39,11.40,17.42,10.17,10.61,5.81,1
6.25,0.22,0.00,27.68,8.41,6.68,9.85,1
7.19,6.02,4.71,10.11,6.94,12.22,10.11,1
10.30,8.55,18.09,7.82,10.08,14.79,15.31,1
10.52,0.42,18.85,5.51,9.78,6.96,10.05,1
4.47,1.73,10.22,15.49,1.98,4.88,12.54,1
10.28,4.63,9.55,15.36,12.10,13.75,17.44,1
14.59,12.72,14.98,13.78,9.45,6.55,13.06,1
3.51,18.45,6.67,6.34,0.00,11.45,2.23,1
10.21,6.97,17.03,0.00,9.44,5.69,4.63,1
17.39,16.13,7.70,6.70,16.76,13.68,1.94,1
18.37,2.81,15.10,5.49,9.98,14.55,8.41,1
4.10,5.08,24.24,15.07,7.70,7.41,8.78,1
13.15,15.49,14.69,10.20,11.38,7.08,6.93,1
7.63,13.03,2.25,8.05,7.50,5.08,9.88,1
7.21,12.21,11.70,13.36,7.85,12.59,8.99,1
15.84,11.29,0.87,13.52,13.06,11.29,15.52,1
4.27,11.91,12.01,11.95,15.11,6.10,10.04,1
7.31,10.29,6.34,16.33,6.67,9.20,9.23,1
6.42,11.35,9.18,3.42,0.07,0.64,5.83,1
8.90,12.09,20.05,2.94,15.13,14.44,4.55,1
3.35,3.98,19.12,10.13,8.66,16.06,18.32,1
9.92,10.84,16.39,11.65,10.95,1.72,12.93,1
11.04,13.47,5.36,12.48,15.92,0.00,17.92,1
14.16,9.44,10.42,12.54,14.22,11.17,13.34,1
16.07,0.45,24.60,14.16,6.12,13.23,20.84,1
5.69,11.11,13.32,11.12,11.96,9.69,9.93,1
9.42,18.77,22.58,10.62,9.78,4.58,14.61,1
6.10,12.26,16.50,4.54,12.01,19.04,14.69,1
0.00,7.31,3.03,2.41,10.65,14.37,12.79,1
7.80,15.26,18.45,11.58,4.48,13.78,7.47,1
5.25,14.75,0.00,12.77,9.98,13.52,11.77,1
8.72,1.88,6.45,10.04,4.95,5.26,12.41,1
10.93,16.04,13.37,7.43,13.16,9.94,3.47,1
27.28,0.00,12.36,8.85,2.98,10.51,9.52,1
8.27,6.51,8.60,16.32,9.25,4.76,8.72,1
17.36,20.56,5.70,11.93,14.77,13.55,14.43,1
13.11,13.22,1.21,9.28,13.45,12.35,5.64,1
16.18,14.95,2.09,7.21,15.82,3.92,9.20,1
5.60,14.60,4.54,16.60,12.53,0.00,16.41,1
8.81,13.06,5.20,7.58,16.10,11.37,0.35,1
3.40,6.41,13.87,9.00,6.47,14.54,8.73,1
17.29,6.09,4.92,4.66,11.90,6.99,11.87,1
19.09,15.17,4.82,3.68,11.94,17.19,7.80,1
3.48,6.36,12.49,14.32,14.94,12.72,12.21,1
15.40,4.97,14.26,15.63,12.13,6.93,14.50,1
9.04,13.34,16.79,17.30,11.71,3.02,14.64,1
9.45,11.14,10.58,9.12,10.15,0.00,1.54,1
17.22,13.08,7.32,13.51,8.65,11.17,10.29,1
14.34,6.67,5.84,8.27,17.13,13.29,15.04,1
7.86,15.09,16.44,7.31,16.26,12.88,10.06,1
10.05,14.64,0.00,5.49,12.53,10.46,17.14,1
13.24,7.93,8.82,9.46,16.66,0.84,13.37,1
19.24,9.20,8.13,0.95,6.29,7.83,12.54,1
10.00,5.22,13.93,12.71,9.42,6.69,12.92,1
10.72,16.66,10.66,6.33,0.00,7.83,12.30,1
8.64,20.38,13.83,4.57,9.76,11.91,11.14,1
5.70,10.36,7.43,16.31,2.46,1.21,9.09,1
8.07,16.93,0.31,7.72,19.98,10.34,8.27,1
6.63,2.49,0.02,14.05,19.06,6.92,8.03,1
7.38,3.37,14.95,6.71,1.59,7.77,7.50,1
5.04,6.63,17.90,16.09,14.63,12.04,7.70,1
5.98,16.24,10.96,7.77,15.05,9.59,16.09,1
5.75,6.56,8.88,11.94,14.75,8.89,9.72,1
10.82,6.27,12.96,4.93,18.01,9.10,13.36,1
13.99,6.20,15.96,13.26,14.80,20.60,15.49,1
13.29,12.67,13.10,7.18,12.42,5.42,5.65,1
8.61,12.48,1.57,14.85,12.58,14.82,14.61,1
3.27,14.74,6.74,11.00,5.08,8.27,3.93,1
13.33,13.69,11.44,20.41,12.73,7.98,13.12,1
9.97,11.53,10.42,7.21,11.52,19.68,10.20,1
14.13,11.01,9.54,1.67,6.14,6.25,17.31,1
7.59,8.40,15.97,7.65,11.16,13.05,6.57,1
17.45,11.57,9.80,6.96,6.18,10.56,3.91,1
19.09,9.40,4.49,10.00,13.58,10.74,10.32,1
8.57,4.96,2.50,13.75,12.60,1.97,8.99,1
2.76,7.69,15.18,12.99,4.73,6.17,1.43,1
7.99,9.40,8.42,13.23,11.94,3.55,11.98,1
10.86,8.39,12.41,11.40,15.21,5.29,20.28,1
3.72,15.79,11.24,7.09,9.72,9.68,10.03,1
15.85,12.72,7.22,6.76,11.65,17.44,10.70,1
9.21,4.76,8.17,12.10,14.98,6.45,5.91,1
10.25,8.47,4.59,6.14,12.77,9.04,10.42,1
9.00,5.58,12.49,3.43,12.90,11.55,9.66,1
0.12,11.77,8.84,2.92,13.78,5.69,11.06,1
16.81,14.64,6.79,11.77,13.95,10.04,1.33,1
9.18,7.57,14.60,5.83,4.27,3.24,10.90,1
9.13,5.84,4.01,11.91,1.30,8.09,1.67,1
0.17,8.19,11.48,2.28,8.57,6.28,1.91,1
15.89,7.20,7.77,0.69,16.58,12.07,17.89,1
6.13,10.63,6.26,11.61,14.90,8.44,9.04,1
13.47,8.46,10.86,4.43,14.59,17.92,6.02,1
11.97,13.03,4.19,12.57,7.44,10.12,2.38,1
10.33,10.59,18.16,7.05,11.18,7.27,15.39,1
0.78,13.62,0.00,5.60,17.67,10.55,19.89,1
7.43,2.66,4.75,3.03,12.06,12.64,17.68,1
7.02,4.29,14.55,12.09,8.24,4.69,7.22,1
16.62,6.56,6.94,15.85,0.12,20.14,4.97,1
8.60,8.78,4.27,12.44,13.27,9.88,7.11,1
10.17,17.77,25.20,8.95,5.61,9.05,13.39,1
16.87,8.17,9.57,10.41,18.37,11.86,11.14,1
14.20,14.04,14.83,2.10,11.84,7.27,9.05,1
13.22,8.88,11.27,8.74,13.37,15.20,8.23,1
5.12,13.08,19.45,3.22,0.75,10.13,4.62,1
13.71,7.60,8.75,7.85,9.50,8.89,3.21,1
7.99,7.84,14.83,6.42,16.18,8.33,5.96,1
9.89,12.53,13.57,8.68,13.14,10.76,15.02,1
0.15,3.23,15.08,14.20,14.90,16.30,6.92,1
6.07,4.47,12.75,9.49,15.08,13.68,13.01,1
6.30,11.25,10.67,13.49,10.72,4.31,13.43,1
1.43,11.78,15.93,17.09,1.79,7.47,2.00,1
11.85,0.00,10.03,8.72,14.60,13.98,15.49,1
24.21,12.18,9.58,12.40,15.89,2.38,16.43,1
4.58,12.95,12.40,19.65,1.33,5.34,7.34,1
19.86,12.56,6.48,6.34,9.04,21.16,13.69,1
2.58,14.91,12.69,9.96,15.39,11.40,8.09,1
2.46,10.22,0.03,12.49,8.88,17.78,2.85,1
8.40,3.42,19.81,9.88,17.59,1.11,14.90,1
9.57,12.07,10.95,13.55,8.12,8.66,4.61,1
8.14,8.78,7.99,13.26,14.55,15.26,7.32,1
4.87,7.82,3.60,8.37,6.78,11.28,13.69,1
22.83,11.60,5.35,7.73,1.50,10.28,15.88,1
19.54,14.52,20.22,7.38,4.95,4.48,11.92,1
8.16,7.73,13.24,11.80,6.27,10.97,16.93,1
3.17,3.92,4.32,0.00,8.99,12.51,2.12,1
13.90,11.20,11.19,15.43,7.25,4.51,2.23,1
12.82,10.67,1.77,9.89,7.48,4.96,10.24,1
11.59,9.29,5.75,17.06,0.27,11.50,16.13,1
6.41,12.92,9.45,8.91,3.06,9.81,8.98,1
9.08,18.11,11.29,17.97,14.57,0.12,5.66,1
4.17,0.11,7.99,3.69,7.96,9.02,17.65,1
7.10,6.47,8.20,11.12,9.70,7.29,9.21,1
6.30,12.66,2.64,16.75,13.85,8.23,8.97,1
10.78,19.01,13.14,5.38,18.03,5.52,14.82,1
10.18,5.73,8.39,13.10,15.46,5.18,19.56,1
3.17,7.30,10.17,6.82,17.50,5.41,16.34,1
17.86,12.82,6.48,10.86,12.73,0.00,8.70,1
17.33,22.65,0.00,6.60,8.69,4.40,8.63,1
8.05,14.64,13.94,11.88,10.80,10.13,17.44,1
10.27,11.13,4.71,9.96,23.27,6.24,13.20,1
9.38,3.55,6.50,5.81,10.78,9.97,11.49,1
10.74,18.59,14.96,10.28,11.12,12.28,10.54,1
8.97,10.87,0.00,6.29,8.66,16.02,6.18,1
9.65,14.28,18.07,10.08,12.61,9.80,15.67,1
18.11,14.31,6.51,16.08,4.09,14.09,3.13,1
7.18,12.59,10.74,10.37,14.11,5.00,9.57,1
8.55,6.87,4.70,12.75,9.91,7.89,12.46,1
9.92,13.03,8.42,9.16,18.82,10.01,6.41,1
4.19,18.34,7.76,2.24,16.01,10.93,3.48,1
12.89,14.17,4.57,5.26,9.59,9.14,12.10,1
5.14,12.75,9.12,16.10,15.21,11.20,6.99,1
9.03,10.97,11.81,14.92,0.00,8.51,12.97,1
10.83,8.35,9.03,22.15,13.23,6.68,17.00,1
10.74,3.45,10.43,15.92,15.26,10.17,14.41,1
4.94,5.14,7.79,2.21,5.34,4.27,12.20,1
8.04,9.64,14.35,16.26,21.51,2.70,14.79,1
10.93,9.86,14.12,15.05,10.56,5.99,15.01,1
9.35,6.17,5.72,20.40,11.71,6.48,17.12,1
8.63,9.83,7.87,7.16,10.33,9.96,0.75,1
6.30,20.24,18.59,14.50,8.93,10.58,6.31,1
9.09,5.31,6.71,7.02,5.78,8.46,14.20,1
11.35,7.28,15.32,4.09,12.51,1.79,20.37,1
8.08,1.34,14.19,10.17,11.92,10.53,19.26,1
12.16,5.81,6.83,10.41,10.52,17.63,16.06,1
7.28,6.14,10.60,16.64,11.15,8.46,5.99,1
7.06,11.15,16.09,8.96,5.81,6.59,13.14,1
16.09,13.30,9.24,17.52,6.68,4.90,9.04,1
6.97,6.74,2.87,16.14,13.55,4.75,10.53,1
3.93,4.88,6.06,13.49,7.88,0.00,11.59,1
8.17,15.25,17.04,3.02,10.02,8.19,11.61,1
13.61,7.04,7.20,9.11,7.76,3.27,7.93,1
13.85,8.89,7.97,20.01,5.91,11.61,16.85,1
6.47,8.43,6.10,2.71,4.70,12.54,8.12,1
6.91,9.35,16.28,4.55,19.25,16.68,7.17,1
7.93,8.33,8.70,5.31,7.65,12.37,16.86,1
9.43,7.61,0.52,9.22,8.40,17.27,10.46,1
8.85,8.51,10.75,14.72,6.19,4.34,21.34,1
6.61,7.52,4.41,9.78,8.43,5.20,3.90,1
12.12,7.23,12.21,13.68,12.47,15.22,10.46,1
12.41,6.88,3.86,7.62,14.60,9.72,13.69,1
3.18,2.51,0.00,9.30,5.22,12.71,9.47,1
13.89,7.04,15.88,0.00,10.46,3.56,13.75,1
10.10,3.45,9.42,10.72,10.67,16.05,6.39,1
19.22,13.27,7.64,15.58,1.77,11.76,7.65,1
4.12,14.49,4.05,12.64,9.00,10.99,6.31,1
10.90,9.23,7.17,8.88,10.19,10.00,11.76,1
20.05,18.07,7.93,9.53,9.98,14.53,6.57,1
17.88,9.85,10.08,15.21,0.72,6.26,9.80,1
7.49,4.70,9.69,11.69,13.04,17.76,4.86,1
14.19,15.84,11.56,4.64,12.67,0.83,9.67,1
13.24,15.79,8.60,4.26,20.12,7.00,11.04,1
9.86,7.44,16.22,10.32,13.93,10.60,8.42,1
14.57,8.80,8.41,11.19,18.18,8.06,5.21,1
5.57,21.15,6.03,7.56,7.85,5.76,2.86,1
6.37,4.37,14.90,4.65,8.85,6.89,12.29,1
13.43,9.89,11.68,17.15,17.70,10.99,8.61,1
13.05,12.87,8.04,8.56,7.22,6.80,12.89,1
14.91,16.80,12.65,6.77,9.12,13.37,3.36,1
12.63,13.83,13.27,2.08,7.82,19.95,11.85,1
11.21,5.61,7.10,11.08,5.97,11.32,12.94,1
7.66,12.64,11.01,12.92,7.61,16.58,15.25,1
3.77,18.23,6.62,8.76,15.76,11.49,12.10,1
11.04,8.96,10.56,6.31,8.48,8.36,7.72,1
10.83,15.42,13.17,8.57,9.32,8.19,0.00,1
17.66,11.53,6.48,4.84,8.73,2.60,15.08,1
9.53,8.26,11.06,11.90,9.07,6.91,11.26,1
11.91,12.43,12.91,14.63,8.97,4.12,4.52,1
4.34,12.76,14.51,6.45,13.85,9.03,12.98,1
4.75,9.24,5.58,10.54,8.22,8.83,6.87,1
4.20,7.92,0.00,8.06,3.50,15.37,3.74,1
13.65,9.07,10.65,7.62,10.56,21.12,8.71,1
9.42,5.37,3.43,8.90,14.80,8.16,19.26,1
8.72,6.68,4.79,12.35,16.10,13.33,18.58,1
12.62,14.22,16.77,17.04,8.71,4.21,7.23,1
12.31,15.42,1.48,11.44,22.51,3.11,13.39,1
9.96,12.38,9.79,7.11,0.81,8.96,4.38,1
10.90,15.44,11.18,20.54,11.82,3.67,7.72,1
10.94,9.12,12.32,11.85,10.94,10.73,22.23,1
5.54,0.00,5.85,13.11,8.75,8.59,10.78,1
2.01,10.13,9.70,6.55,10.50,7.09,4.12,1
8.37,1.52,16.85,8.96,13.24,13.63,15.00,1
8.54,21.29,15.44,9.17,9.17,11.33,3.94,1
4.82,10.37,12.22,10.64,13.62,9.54,9.47,1
9.88,10.43,4.47,11.62,1.86,15.87,9.63,1
15.51,14.31,10.59,4.09,18.23,10.38,8.54,1
6.73,0.42,13.46,5.21,6.99,10.51,11.92,1
14.34,15.60,8.73,21.79,14.84,8.09,8.03,1
8.19,15.49,6.41,9.94,10.39,8.81,7.85,1
16.24,10.41,11.52,8.86,8.91,8.93,19.40,1
6.33,6.40,11.66,8.86,11.91,8.31,11.60,1
10.95,9.27,18.69,3.36,5.89,9.56,15.48,1
12.59,4.01,7.30,13.66,4.46,5.07,9.95,1
8.50,15.04,12.34,1.60,13.07,6.22,10.58,1
12.56,21.38,1.90,8.69,6.75,7.09,11.66,1
0.00,0.00,7.60,7.98,13.54,4.93,12.21,1
11.29,8.74,3.51,3.77,14.60,13.15,16.41,1
1.97,10.35,5.03,5.70,0.00,10.69,16.22,1
5.71,4.11,13.70,4.96,5.19,10.06,8.64,1
17.49,14.01,15.86,12.54,9.83,14.79,10.74,1
10.82,13.02,1.56,4.79,9.80,15.06,16.36,1
8.87,17.88,10.35,18.18,20.12,6.85,0.00,1
9.88,17.52,16.14,12.17,15.32,16.55,8.48,1
6.72,9.38,20.97,13.34,11.60,10.13,13.69,1
10.59,3.48,3.89,11.17,14.14,9.36,9.53,1
16.23,15.60,7.48,15.59,1.54,5.64,11.49,1
6.40,12.74,7.03,18.12,11.50,8.64,7.74,1
5.87,7.90,11.29,19.70,17.65,2.98,6.20,1
6.24,15.82,0.00,17.98,10.45,16.51,6.11,1
10.33,0.48,6.30,12.41,23.00,12.05,10.25,1
12.34,7.92,3.02,9.92,8.35,10.47,9.64,1
12.22,6.72,14.88,10.26,13.19,11.39,9.87,1
14.27,10.25,12.32,5.17,11.85,5.77,6.91,1
16.76,26.06,7.36,9.02,12.99,10.68,4.43,1
15.54,6.44,10.68,12.89,2.62,12.39,4.38,1
16.64,18.79,13.23,5.05,4.19,12.89,21.50,1
14.34,12.41,13.55,9.17,16.14,15.81,8.52,1
13.55,10.37,13.70,8.38,19.74,3.56,4.02,1
14.21,3.41,15.14,6.82,1.56,12.37,9.97,1
5.16,3.27,12.47,16.78,12.01,15.28,18.55,1
17.65,10.55,5.80,5.28,7.81,8.59,12.71,1
15.14,12.93,17.31,9.85,15.66,12.20,9.55,1
2.16,7.15,6.85,3.75,14.90,8.79,1.79,1
0.00,12.84,11.41,6.64,8.63,18.05,5.91,1
3.16,3.20,10.36,10.35,10.58,5.60,15.50,1
7.65,10.62,0.00,11.78,1.39,4.98,5.37,1
1.42,5.77,13.31,9.75,16.78,12.00,14.12,1
6.02,20.72,15.59,2.96,16.06,6.61,13.66,1
13.45,4.36,13.09,8.30,0.00,6.61,4.65,1
0.62,12.31,0.00,16.49,7.94,6.89,5.28,1
5.20,4.21,13.40,6.90,14.92,12.60,11.62,1
12.34,0.00,12.32,14.58,6.05,16.14,15.92,1
8.24,14.74,10.28,5.15,15.38,5.36,13.65,1
2.55,8.96,10.65,9.73,6.95,4.93,13.52,1
12.13,17.29,0.00,6.71,7.05,12.82,9.95,1
9.64,9.21,10.45,9.74,11.52,6.24,0.00,1
3.07,7.82,14.31,15.12,17.92,4.97,10.43,1
8.79,14.55,1.94,16.66,13.78,9.41,6.06,1
9.06,7.49,6.14,9.34,8.15,10.46,11.04,1
5.88,14.17,6.73,15.44,8.60,10.13,10.30,1
13.93,13.49,13.53,11.58,7.00,18.78,11.79,1
9.22,6.98,0.00,7.47,7.67,10.33,15.10,1
11.21,3.42,12.56,11.40,5.64,14.44,11.18,1
2.27,0.00,8.24,10.27,3.90,19.12,6.56,1
7.99,5.84,4.36,14.02,8.11,7.10,16.82,1
19.84,6.08,3.65,3.74,17.46,6.15,6.26,1
11.01,14.02,4.34,2.81,13.80,11.06,12.48,1
12.36,7.30,9.97,3.25,14.70,11.90,4.99,1
6.72,0.00,14.68,10.47,6.04,27.95,12.61,1
10.57,6.85,5.42,2.24,5.20,11.84,0.00,1
12.12,22.83,10.78,8.80,15.15,11.39,7.30,1
12.78,12.03,2.56,11.05,14.46,17.08,8.18,1
8.20,15.98,16.83,7.38,14.32,5.16,10.99,1
4.64,11.43,9.37,8.74,10.38,7.41,10.59,1
2.53,11.68,0.00,8.44,15.42,4.09,9.32,1
6.98,15.36,8.95,6.21,10.62,19.05,1.65,1
12.08,7.45,7.37,20.74,12.23,16.05,11.65,1
12.44,11.21,18.32,16.05,18.49,13.59,12.43,1
13.37,7.79,12.41,12.75,10.76,9.57,6.84,1
7.78,6.78,3.35,9.99,12.98,1.00,9.90,1
7.35,11.16,12.75,3.55,18.13,18.99,4.96,1
7.34,9.61,5.75,15.01,9.81,17.34,7.86,1
8.35,7.23,8.24,7.99,3.37,11.88,9.04,1
3.32,11.46,5.63,13.63,9.99,6.43,10.90,1
7.43,11.64,5.25,10.38,8.06,3.26,13.13,1
18.35,7.77,8.79,13.36,8.79,7.04,11.85,1
20.18,5.45,12.76,5.65,8.38,6.06,11.38,1
7.76,4.97,6.97,9.30,1.91,17.39,7.57,1
7.15,7.31,13.74,6.52,10.33,14.94,0.26,1
21.37,12.80,7.33,20.33,16.02,4.13,16.92,1
8.49,1.06,8.79,13.74,8.19,7.97,1.19,1
9.95,11.90,6.34,0.00,18.15,5.43,10.46,1
12.09,17.28,17.19,9.18,0.00,16.69,17.47,1
6.80,16.77,14.65,3.19,9.79,0.76,4.36,1
6.82,6.97,5.88,12.38,15.10,4.77,12.75,1
8.89,10.89,15.85,13.61,2.30,5.27,16.96,1
7.74,3.73,8.38,8.29,13.54,6.21,16.46,1
4.19,18.02,10.27,15.03,16.01,14.07,7.90,1
11.31,13.83,3.68,5.03,5.25,14.91,7.57,1
8.30,10.27,16.42,8.58,15.04,9.30,15.49,1
5.66,7.42,12.89,10.06,11.51,11.38,13.38,1
3.28,1.80,16.76,13.06,5.88,8.39,10.47,1
10.08,9.65,11.33,6.65,4.95,0.00,7.50,1
9.15,0.16,5.56,5.65,0.00,15.86,8.05,1
0.56,18.21,14.32,11.21,14.73,7.00,12.88,1
14.59,7.09,0.00,10.96,1.94,6.81,18.79,1
0.00,9.27,13.84,0.96,5.06,10.98,1.29,1
11.78,5.00,3.66,17.97,10.95,8.24,9.56,1
8.35,8.92,12.43,18.75,12.55,9.67,12.76,1
12.40,9.21,4.74,9.10,14.55,19.96,3.11,1
11.59,22.71,9.19,7.87,14.21,0.00,9.19,1
11.91,8.54,3.34,11.99,23.16,19.60,10.60,1
6.24,9.06,10.34,5.25,6.08,7.77,11.23,1
3.89,11.07,2.01,9.27,8.53,8.03,11.41,1
11.25,11.37,11.37,15.14,9.02,8.80,3.81,1
5.92,8.19,16.45,15.12,5.18,13.13,3.76,1
10.68,16.22,16.71,11.61,13.26,11.14,15.02,1
7.13,10.64,10.52,7.78,12.86,6.53,9.10,1
12.67,5.81,6.28,9.88,12.95,8.33,4.03,1
2.22,14.19,15.42,17.62,12.62,17.85,5.55,1
8.08,14.71,3.38,6.03,4.65,10.57,11.11,1
5.22,9.46,12.41,11.24,8.12,6.04,17.16,1
7.80,13.07,10.65,5.56,0.00,5.71,3.98,1
1.55,2.29,7.62,12.66,2.76,15.35,18.49,1
10.08,3.75,11.56,3.85,5.76,15.40,18.63,1
0.00,11.79,16.36,12.95,22.60,15.62,8.22,1
12.28,4.72,0.13,6.60,16.76,12.82,7.50,1
9.79,1.87,1.87,10.98,6.41,17.17,6.58,1
0.00,7.42,4.49,12.48,9.05,11.08,1.49,1
17.75,8.83,4.15,2.79,14.39,5.79,4.55,1
14.57,7.27,0.41,14.47,11.85,4.58,3.70,1
12.73,12.95,16.92,8.39,12.00,10.49,9.46,1
9.06,13.01,7.07,9.34,7.09,4.82,12.28,1
10.80,13.65,8.80,3.75,8.39,5.75,10.57,1
3.46,12.43,10.78,8.38,5.98,7.55,13.22,1
16.52,5.31,4.69,7.89,7.43,12.97,15.06,1
13.91,14.65,15.85,11.39,3.90,13.82,11.23,1
7.09,5.60,10.35,6.61,12.90,7.82,7.80,1
8.29,17.20,10.33,14.32,3.71,3.18,14.76,1
15.23,11.72,13.29,11.76,18.00,13.30,15.70,1
13.18,10.83,1.88,10.14,8.45,10.04,0.00,1
2.31,8.15,8.05,9.04,3.24,16.98,8.15,1
16.73,9.79,16.06,9.82,19.22,8.24,0.00,1
3.65,10.46,8.49,6.44,10.91,7.72,17.13,1
11.82,10.11,10.83,10.49,7.89,8.88,11.95,1
10.35,7.54,11.50,9.75,8.11,14.31,0.00,1
12.88,9.99,11.11,13.19,10.31,1.24,12.14,1
4.73,5.93,13.30,13.06,13.01,7.49,3.27,1
10.64,13.94,10.61,10.80,11.15,12.08,4.55,1
10.96,8.24,16.19,9.58,11.11,19.59,3.43,1
11.69,10.17,12.59,6.32,8.28,11.14,12.09,1
12.07,17.23,5.07,2.63,16.73,12.04,8.59,1
2.03,4.42,16.64,15.41,9.94,0.00,5.49,1
4.65,15.48,3.71,12.02,4.49,4.85,6.45,1
0.45,8.29,11.09,15.01,0.00,1.47,2.35,1
8.81,3.29,12.50,4.61,8.61,12.30,15.32,1
15.55,16.32,8.70,10.94,7.39,8.18,1.83,1
10.61,14.77,3.79,8.89,3.87,21.90,18.22,1
12.77,0.68,12.47,12.14,13.47,4.92,4.53,1
10.98,7.12,10.19,12.44,0.89,13.21,5.22,1
8.28,3.39,8.51,6.50,9.94,3.65,0.78,1
15.14,6.78,8.30,15.07,11.66,0.32,11.10,1
6.88,11.57,10.41,7.74,13.23,14.26,7.08,1
5.42,12.86,0.00,16.60,13.47,10.89,11.57,1
21.19,4.44,2.12,12.99,3.66,4.29,9.73,1
13.02,3.89,13.76,14.90,10.86,12.20,1.73,1
3.74,13.96,10.36,9.16,1.69,12.46,2.93,1
13.73,13.91,9.47,18.54,14.95,16.75,2.90,1
9.09,14.32,3.35,13.71,11.78,16.10,6.81,1
7.81,9.43,19.21,7.21,15.53,7.56,10.62,1
13.90,0.89,14.25,4.98,10.77,5.48,6.84,1
7.85,13.00,13.16,12.59,9.79,18.07,13.12,1
12.74,5.06,19.86,15.77,10.80,11.33,9.92,1
9.85,13.27,10.97,4.02,8.46,14.31,5.90,1
14.80,16.41,10.12,7.23,3.96,11.58,8.21,1
8.93,1.98,15.89,12.74,10.11,11.47,18.25,1
8.36,9.53,8.50,11.03,9.12,5.82,8.44,1
10.70,16.00,13.41,6.44,14.89,0.00,10.87,1
7.23,10.56,8.70,4.41,15.13,10.27,13.76,1
6.87,12.56,10.60,9.99,13.43,17.01,7.37,1
14.16,2.92,7.17,8.31,11.26,12.53,3.15,1
15.62,6.58,11.72,10.46,16.37,12.69,6.81,1
8.91,11.06,13.14,10.64,5.92,6.70,9.69,1
4.38,13.99,1.10,10.78,0.97,0.00,0.00,1
7.21,13.45,7.92,7.04,2.87,17.16,10.49,1
13.58,15.14,12.37,4.61,19.93,5.19,15.50,1
5.40,6.36,8.39,2.18,15.02,4.65,16.20,1
9.06,9.94,11.03,2.94,5.09,5.03,6.40,1
12.38,0.71,4.50,10.98,9.47,10.25,12.28,1
13.66,15.15,7.85,10.51,6.91,9.90,0.00,1
20.21,10.35,10.33,7.98,15.87,10.10,11.29,1
1.60,12.98,0.00,12.98,7.27,2.93,3.50,1
11.34,4.46,8.35,11.76,0.00,13.40,4.09,1
12.23,10.02,9.30,9.60,8.61,14.39,19.32,1
8.46,10.75,0.00,12.10,11.13,10.11,7.35,1
11.94,5.78,6.23,1.00,2.03,13.21,13.26,1
8.92,16.44,0.00,13.36,11.03,20.29,6.37,1
14.58,12.92,4.11,2.46,12.52,2.59,7.36,1
9.73,2.25,9.56,14.70,9.99,0.00,5.22,1
10.95,0.00,13.04,4.92,5.19,13.72,8.80,1
9.42,13.32,2.46,1.99,15.08,5.98,3.94,1
9.70,11.43,11.36,3.53,1.35,14.09,4.47,1
10.22,11.31,8.50,10.50,5.62,14.54,9.92,1
0.00,5.52,11.17,13.87,3.05,11.77,9.54,1
16.55,8.03,11.22,9.18,16.52,6.59,6.25,1
9.42,1.41,10.06,10.79,13.11,15.82,7.70,1
8.50,0.27,4.31,6.46,12.70,7.72,7.68,1
5.33,3.31,17.53,5.61,9.97,1.03,8.06,1
13.41,4.85,14.97,5.83,18.92,13.85,6.77,1
12.22,2.15,6.93,7.65,6.35,10.00,3.96,1
24.27,10.76,11.42,10.13,5.78,7.35,12.91,1
12.72,12.46,13.85,14.61,16.69,14.55,10.84,1
10.88,7.19,10.34,0.00,1.19,17.64,3.88,1
10.60,9.32,8.32,13.03,5.50,16.74,8.85,1
14.56,5.76,8.09,5.42,10.25,9.66,10.48,1
11.08,7.80,7.13,13.43,13.16,11.40,5.91,1
10.13,9.66,9.85,6.34,0.00,1.21,16.02,1
3.50,12.55,1.28,8.68,7.71,13.65,6.78,1
9.24,13.34,13.85,19.11,9.12,10.49,13.37,1
9.81,0.00,17.10,11.58,12.87,5.78,13.76,1
16.92,15.24,15.54,9.85,7.25,17.22,0.00,1
15.36,10.22,7.47,12.37,12.72,9.37,17.25,1
4.56,15.16,9.87,14.06,15.09,0.00,4.84,1
19.10,11.43,10.03,5.67,9.26,10.13,3.26,1
17.37,14.43,9.56,11.25,12.07,2.71,16.84,1
4.14,10.04,16.53,9.98,5.77,11.16,11.37,1
5.06,3.35,14.19,20.83,9.95,11.20,11.42,1
10.31,1.60,10.13,6.32,9.81,8.77,0.72,1
11.95,13.21,10.62,2.32,9.08,6.67,6.96,1
5.66,14.05,0.00,14.37,4.16,10.50,8.13,1
9.96,4.19,19.10,9.34,19.67,13.16,8.16,1
13.02,0.00,1.51,14.31,5.64,16.46,13.09,1
3.71,4.24,5.63,18.12,2.84,0.00,7.96,1
10.64,6.52,10.38,12.98,5.56,4.54,4.97,1
10.50,2.48,8.02,9.92,5.04,19.29,7.24,1
0.80,19.44,12.25,14.84,8.53,6.97,13.53,1
9.68,3.61,11.92,6.97,10.33,9.26,7.18,1
14.18,12.97,16.67,5.47,6.23,3.33,5.28,1
3.05,13.05,16.25,0.00,12.64,15.32,0.00,1
4.29,10.49,4.67,2.81,13.15,4.93,5.89,1
15.30,6.83,11.11,8.15,14.52,14.87,8.24,1
13.42,11.50,3.55,20.23,10.06,11.08,2.86,1
15.42,21.67,12.01,8.24,13.66,7.28,7.61,1
2.80,9.39,15.99,4.50,4.66,8.29,7.26,1
13.27,17.54,12.42,16.64,16.05,5.94,17.08,1
10.55,7.95,9.36,7.90,3.65,12.98,8.07,1
13.24,7.49,2.11,3.62,5.10,0.00,9.92,1
10.72,7.28,8.62,18.17,11.19,4.86,3.85,1
1.52,6.59,6.01,5.78,4.70,7.83,16.93,1
8.97,15.95,2.21,11.64,15.02,12.14,15.43,1
1.78,13.34,4.75,15.48,2.79,6.30,6.01,1
5.44,6.18,15.06,20.52,11.23,16.46,12.23,1
15.56,7.02,10.73,10.86,8.36,10.57,15.94,1
8.43,10.82,9.42,14.79,6.59,6.68,13.90,1
10.31,0.00,12.69,16.96,10.72,15.67,15.05,1
11.99,12.64,12.24,11.30,5.26,16.23,20.55,1
7.76,11.50,5.95,20.10,1.80,5.08,6.91,1
15.53,17.54,18.81,12.16,11.41,7.51,12.66,1
19.39,0.00,16.05,17.10,9.51,14.69,11.14,1
13.56,5.28,19.36,12.12,10.04,13.76,11.86,1
7.42,5.82,16.41,0.00,4.19,16.16,13.00,1
11.25,19.61,7.25,12.81,4.63,10.48,8.53,1
3.43,0.49,11.73,11.30,22.04,12.28,6.35,1
8.24,2.61,0.80,5.08,10.82,15.37,9.68,1
3.07,12.12,7.23,17.99,2.37,10.17,5.65,1
10.81,5.93,4.56,1.42,9.56,8.24,10.30,1
4.99,9.10,16.06,5.74,5.40,9.26,18.71,1
10.14,9.61,12.98,10.15,11.55,17.57,12.18,1
7.22,6.11,1.92,1.84,8.29,12.74,0.00,1
3.85,0.00,15.08,14.50,15.16,3.53,4.13,1
8.38,2.54,9.38,20.04,6.78,6.97,8.61,1
10.45,0.18,9.19,7.19,14.06,7.09,4.57,1
14.84,10.33,0.00,18.64,10.89,10.16,19.43,1
14.06,10.22,14.85,7.60,7.02,11.33,13.29,1
3.18,6.39,12.06,8.19,8.21,15.41,11.28,1
14.35,4.01,11.39,3.99,12.25,13.01,19.75,1
0.00,6.48,21.15,13.91,2.93,11.83,8.85,1
12.56,8.62,15.50,13.05,5.61,8.03,16.48,1
8.41,6.25,12.47,16.92,4.12,9.45,5.65,1
9.76,6.19,4.51,11.03,8.41,6.31,14.23,1
2.44,16.50,11.37,6.88,12.17,9.96,9.47,1
13.51,8.81,4.78,10.98,11.64,13.65,9.91,1
14.54,8.31,15.55,15.53,18.01,11.98,12.24,1
2.72,16.22,18.02,11.66,15.71,10.82,9.99,1
14.17,9.32,17.29,5.29,10.99,7.39,13.97,1
5.38,6.02,18.56,11.49,8.93,10.32,9.09,1
14.79,0.00,8.41,8.88,9.16,19.91,4.65,1
13.61,17.46,16.11,11.03,12.51,12.35,8.47,1
8.99,7.82,11.11,5.64,12.01,14.24,14.69,1
3.06,10.14,14.45,1.90,13.93,9.04,16.97,1
9.65,8.17,14.85,16.51,12.51,3.23,16.23,1
14.94,7.26,5.99,14.04,7.41,8.32,8.01,1
8.58,8.79,13.98,9.11,7.81,0.11,9.41,1
10.14,6.53,0.00,9.03,11.71,12.68,14.26,1
9.60,20.00,9.15,12.57,17.28,6.13,5.07,1
15.84,10.67,7.94,14.14,4.16,0.22,7.88,1
13.13,7.39,10.41,5.85,1.74,8.43,15.43,1
10.51,4.80,6.70,8.87,4.61,12.91,10.55,1
8.64,14.84,4.77,0.07,2.85,5.65,7.54,1
10.53,6.14,1.05,15.09,5.64,17.93,9.75,1
6.41,4.34,4.67,14.20,6.76,4.23,17.61,1
13.39,5.13,9.67,0.00,10.69,10.73,11.82,1
14.27,16.70,6.78,6.52,6.52,15.30,14.96,1
5.01,6.90,14.84,16.24,0.00,0.00,7.55,1
11.06,9.00,5.74,7.22,10.01,15.65,3.77,1
16.76,8.58,11.96,10.56,6.31,12.09,12.40,1
16.90,0.00,12.86,12.23,12.52,0.00,10.27,1
8.08,18.73,12.59,10.39,12.26,9.85,12.78,1
4.27,7.83,9.22,8.83,4.37,15.49,14.22,1
14.80,7.88,14.83,7.97,3.35,7.26,0.00,1
13.20,3.90,5.96,6.40,5.27,11.04,18.08,1
8.03,13.15,8.35,12.98,5.91,9.53,11.68,1
10.94,11.58,10.93,13.47,15.33,0.72,8.34,1
4.12,20.38,11.67,3.49,8.21,19.62,13.63,1
12.28,14.72,9.46,15.12,5.48,8.33,13.00,1
2.85,4.66,10.88,6.24,10.60,0.44,17.38,1
9.12,12.40,10.07,11.60,18.31,12.75,6.79,1
13.78,2.48,10.97,6.99,9.89,7.09,15.30,1
0.00,4.63,7.90,9.02,13.59,17.48,7.82,1
10.60,8.59,16.11,7.75,16.66,6.34,7.23,1
2.93,10.13,7.77,12.59,4.19,4.49,11.13,1
9.72,17.03,4.98,0.55,0.00,10.34,3.51,1
3.96,17.88,2.00,3.87,7.09,4.83,13.75,1
12.44,6.32,16.87,7.25,12.94,7.94,11.99,1
11.12,0.06,7.67,10.41,9.80,6.95,8.36,1
10.24,7.14,12.72,5.60,7.13,2.58,19.66,1
8.46,11.84,6.05,10.76,13.76,10.56,2.14,1
13.10,9.21,13.37,21.25,9.78,13.74,16.01,1
10.32,5.04,0.00,13.78,25.84,13.57,14.55,1
4.52,10.30,14.47,8.68,13.23,3.42,13.84,1
12.21,8.62,3.79,7.93,11.28,7.03,11.80,1
22.63,12.14,7.57,13.00,11.85,5.15,11.64,1
10.88,6.89,4.93,19.21,11.69,16.46,5.24,1
7.73,12.30,11.04,5.96,9.76,9.00,14.91,1
10.71,17.88,5.78,14.01,11.00,15.49,4.45,1
8.95,8.61,15.31,13.51,14.68,16.32,0.23,1
12.03,17.57,12.70,5.62,9.72,6.61,8.36,1
2.59,9.32,9.97,8.94,8.22,16.56,0.71,1
8.49,16.32,10.10,11.58,4.47,5.33,16.82,1
6.28,16.39,2.10,8.35,12.67,6.90,10.85,1
6.95,13.51,10.79,9.78,11.03,8.44,13.57,1
6.69,2.84,11.82,5.58,16.21,8.50,7.68,1
16.93,10.56,4.29,19.43,7.21,11.54,19.95,1
15.01,6.04,6.57,14.94,14.35,7.92,4.68,1
9.94,7.49,11.42,13.08,12.33,12.29,7.94,1
10.50,12.78,7.81,11.62,16.14,0.00,10.18,1
12.41,1.74,5.56,6.72,14.90,14.19,9.98,1
5.19,5.88,12.32,5.88,8.10,9.47,11.53,1
8.11,5.03,5.10,6.21,11.14,4.77,15.44,1
6.61,0.58,15.57,17.29,3.43,9.77,12.85,1
12.61,4.48,3.17,16.23,4.58,5.79,4.97,1
0.14,18.38,9.53,11.10,14.10,6.42,5.53,1
14.40,6.72,7.36,19.92,10.41,12.76,4.65,1
14.56,3.65,15.90,6.43,12.64,7.89,14.71,1
0.84,3.77,5.89,18.63,10.81,4.02,0.00,1
8.82,12.07,11.86,8.75,13.29,11.58,8.01,1
10.15,11.68,12.89,6.42,18.40,15.06,9.31,1
13.19,4.47,12.79,17.28,9.64,10.88,9.21,1
8.00,17.45,5.82,12.27,3.67,12.54,10.48,1
4.19,0.42,6.91,11.08,6.71,9.48,14.58,1
10.39,13.74,11.69,7.47,5.60,1.02,17.58,1
11.50,12.53,5.16,2.71,14.67,5.84,8.40,1
7.19,3.62,8.91,7.46,10.50,7.98,22.24,1
6.47,6.49,6.28,7.26,15.65,8.75,10.44,1
3.50,17.97,16.22,6.17,11.22,8.56,9.99,1
8.27,1.02,21.82,6.34,5.48,9.49,16.50,1
7.64,6.48,6.17,5.63,8.79,2.37,0.00,1
10.01,7.06,5.12,10.32,7.96,7.57,20.05,1
15.78,8.44,8.21,0.22,13.06,6.30,8.91,1
7.15,10.43,10.41,11.24,14.72,5.34,5.42,1
2.07,12.34,7.95,0.95,9.22,7.69,7.63,1
7.15,8.32,13.19,11.27,10.96,5.81,10.44,1
10.22,5.89,8.13,10.33,7.87,4.94,3.06,1
16.74,18.27,12.46,13.57,9.62,3.05,8.65,1
19.33,13.52,18.78,12.76,13.35,12.04,8.78,1
8.07,11.62,10.00,9.40,11.50,8.00,15.00,1
8.32,6.19,18.71,17.81,15.04,3.81,1.83,1
10.81,5.44,8.83,13.56,10.50,13.33,7.01,1
6.26,3.50,7.56,11.01,7.78,9.56,10.50,1
13.89,0.00,5.19,4.32,13.04,15.77,9.44,1
11.17,4.52,2.51,12.30,9.24,8.43,8.68,1
12.69,12.34,11.36,3.87,14.89,15.48,11.87,1
12.54,11.97,10.37,18.24,9.82,21.99,6.29,1
4.27,14.91,12.61,8.88,16.70,10.28,9.80,1
10.19,11.41,15.29,11.32,5.66,7.01,6.87,1
10.55,8.70,9.72,11.44,13.00,6.06,8.64,1
10.20,17.43,10.34,10.42,3.88,15.66,8.51,1
0.00,6.53,11.20,8.98,0.35,7.02,14.01,1
4.82,4.76,13.34,15.83,12.77,6.62,10.52,1
10.89,15.64,8.58,8.23,18.51,7.49,12.08,1
9.44,11.38,7.62,9.70,15.89,9.23,8.16,1
12.57,8.40,14.35,5.02,13.14,12.69,16.91,1
12.70,7.69,4.39,8.89,9.51,10.30,6.34,1
11.66,15.16,9.24,11.67,1.56,12.27,9.78,1
0.00,0.43,20.44,9.28,5.78,13.24,6.94,1
14.91,5.16,14.40,18.43,7.53,14.49,9.87,1
16.48,8.15,15.14,17.16,17.77,9.83,12.59,1
10.65,6.38,9.47,5.03,11.14,15.41,4.77,1
17.21,15.72,9.68,8.54,11.97,6.09,11.26,1
11.63,7.39,3.99,8.94,5.96,12.47,11.65,1
12.81,2.48,23.78,16.32,14.85,10.33,3.43,1
10.62,2.43,6.88,8.80,9.47,14.22,14.90,1
2.87,4.71,12.94,11.66,1.89,11.86,4.58,1
13.68,0.00,3.35,8.38,3.74,12.77,10.32,1
3.76,8.74,13.29,9.85,18.64,10.71,11.17,1
6.07,5.78,4.83,0.17,12.41,12.45,7.93,1
8.75,9.19,7.28,13.66,11.58,16.67,14.50,1
10.58,1.82,7.81,7.07,5.47,10.42,8.10,1
10.98,6.49,7.94,8.78,5.80,0.00,10.95,1
3.74,17.35,12.85,11.08,10.05,18.48,10.20,1
18.49,12.22,10.15,11.46,11.78,5.23,16.29,1
14.80,12.06,17.20,4.80,13.12,10.46,13.37,1
16.67,3.67,11.28,8.54,8.82,7.01,6.31,1
20.42,7.34,0.00,5.84,8.82,6.16,8.41,1
12.05,11.31,10.91,5.92,14.92,11.99,10.06,1
11.40,2.49,17.76,5.22,6.73,13.27,6.95,1
9.57,8.72,5.15,20.44,9.78,15.37,9.46,1
3.63,9.25,11.21,5.39,8.75,18.58,13.69,1
12.17,4.61,5.99,7.82,5.42,6.01,1.98,1
7.97,10.26,4.41,18.50,6.70,15.09,9.82,1
7.35,14.81,1.44,13.06,0.42,9.85,20.60,1
13.70,1.93,16.66,7.80,13.88,17.01,9.34,1
3.23,14.38,4.91,14.67,8.21,12.07,4.82,1
0.00,3.54,2.53,13.41,5.77,7.99,9.76,1
15.21,4.40,13.48,9.26,15.78,14.21,14.98,1
1.10,9.86,7.70,7.91,7.68,13.55,10.02,1
11.73,9.99,8.57,19.52,0.00,1.40,5.66,1
12.22,11.63,0.08,11.92,5.99,4.20,0.00,1
11.03,9.68,3.43,10.40,15.39,10.29,6.65,1
9.29,9.53,10.71,14.97,5.98,10.10,11.23,1
12.40,10.22,11.67,18.15,10.93,14.85,8.53,1
7.12,7.93,9.26,4.93,8.52,6.66,15.66,1
7.41,12.31,12.45,10.54,12.22,11.71,11.13,1
13.58,11.40,15.46,3.91,9.63,7.20,6.12,1
11.08,7.07,17.60,11.99,14.95,16.43,6.94,1
14.89,7.83,5.88,7.15,12.69,20.84,9.89,1
18.04,0.00,18.44,14.72,0.67,10.08,10.63,1
12.26,6.58,8.72,0.00,10.74,8.49,8.48,1
3.45,11.74,4.21,9.96,10.34,7.77,21.00,1
4.03,5.87,14.19,12.08,11.64,3.96,2.04,1
10.40,8.13,11.96,7.27,6.66,6.18,10.66,1
17.66,3.90,13.73,12.74,9.48,14.36,6.75,1
4.17,4.48,15.07,11.14,7.77,0.00,1.75,1
5.24,10.52,9.40,9.78,12.56,7.88,9.79,1
9.46,10.31,12.49,8.73,4.04,5.11,11.16,1
8.88,14.82,16.95,20.69,14.23,21.16,10.84,1
20.03,5.46,2.98,7.17,17.04,4.53,12.16,1
4.93,16.89,6.16,10.54,8.95,8.39,1.48,1
9.79,4.10,5.13,5.23,13.59,12.13,15.61,1
13.90,9.85,3.57,18.62,12.54,8.87,7.46,1
14.67,3.94,13.16,3.49,11.75,6.90,5.26,1
14.34,9.36,10.47,11.14,5.49,4.22,15.48,1
7.88,11.69,14.45,9.12,13.67,6.37,4.03,1
14.60,1.87,11.70,16.86,14.63,0.00,4.44,1
17.28,0.00,0.00,8.26,9.24,4.75,8.20,1
7.86,0.00,11.15,10.32,12.18,4.03,2.42,1
10.71,10.90,12.13,2.19,11.27,0.00,11.81,1
10.04,15.91,9.89,14.10,13.30,5.79,12.83,1
0.00,15.80,11.12,11.69,0.37,11.28,5.97,1
13.74,9.80,10.71,5.82,2.91,2.80,0.00,1
3.86,9.18,6.06,7.70,7.45,10.97,17.79,1
8.03,8.82,0.00,3.53,10.37,6.47,4.60,1
15.38,6.78,12.63,18.76,8.37,16.82,12.67,1
12.92,13.37,9.62,20.18,8.19,10.13,10.33,1
9.77,11.19,0.28,15.33,11.53,13.48,14.08,1
8.99,5.22,13.23,5.19,14.46,10.70,5.09,1
11.06,23.30,10.90,13.87,11.16,12.94,14.45,1
14.76,10.95,1.18,4.14,10.09,7.89,10.38,1
14.35,6.28,10.11,7.29,14.43,14.54,14.00,1
13.83,12.94,13.51,13.70,0.30,9.30,6.41,1
12.64,12.89,13.98,2.24,2.42,17.54,15.78,1
2.15,9.32,4.93,0.00,10.13,12.79,14.86,1
3.99,12.75,12.95,9.09,4.08,4.21,13.52,1
19.17,11.52,16.54,11.46,7.80,7.24,11.16,1
12.19,15.52,13.82,5.15,20.38,18.60,3.69,1
14.01,12.11,9.72,11.15,11.37,9.99,7.28,1
15.59,6.54,3.35,7.51,13.06,8.20,12.38,1
16.21,10.56,14.61,12.02,7.24,16.85,4.77,1
10.70,10.12,5.65,11.89,7.69,16.09,6.52,1
3.78,8.78,15.99,16.01,9.13,5.04,6.21,1
7.33,3.71,9.49,12.12,12.14,2.07,3.85,1
12.21,12.88,17.72,10.63,0.00,7.49,4.72,1
7.23,11.22,16.52,16.75,11.87,9.51,10.16,1
8.26,11.43,8.20,8.35,19.68,11.14,9.55,1
13.11,9.88,10.40,7.51,6.57,6.91,15.87,1
14.98,13.46,12.36,14.86,10.24,11.19,8.12,1
11.51,14.45,13.73,5.94,19.14,8.39,4.99,1
11.09,10.92,11.76,12.84,9.96,10.43,11.75,1
4.14,13.67,7.68,13.69,6.02,9.97,11.64,1
4.71,12.76,6.68,10.11,12.30,12.01,6.56,1
12.04,10.62,17.54,4.04,15.96,22.12,13.13,1
17.41,4.32,12.61,9.01,12.97,15.66,11.20,1
16.46,5.22,12.96,11.36,14.34,8.91,13.00,1
7.30,8.90,18.80,10.20,5.21,10.37,4.55,1
17.07,14.17,3.91,10.35,6.15,11.06,3.73,1
13.81,6.86,11.70,8.83,9.04,0.00,8.58,1
12.76,13.63,8.93,15.79,14.66,7.86,10.76,1
14.73,16.91,11.19,15.42,7.93,12.29,5.53,1
11.38,10.94,13.24,19.18,5.10,19.42,13.73,1
14.25,9.78,8.29,6.96,6.51,5.10,8.00,1
3.95,4.78,11.09,16.69,6.12,4.41,12.85,1
11.34,18.62,13.75,12.79,5.90,11.03,7.78,1
13.22,14.24,12.45,11.58,9.60,14.01,9.18,1
7.70,8.08,6.18,11.46,21.15,16.09,10.93,1
19.66,9.99,11.89,11.08,11.87,8.75,11.48,1
12.95,3.19,8.01,15.57,6.90,7.76,18.49,1
8.48,2.84,4.79,7.18,7.30,10.51,3.05,1
0.19,7.00,9.06,9.47,13.54,10.85,16.17,1
13.83,11.09,4.81,11.25,11.66,11.48,8.20,1
12.81,6.33,18.73,6.91,4.66,16.06,10.97,1
18.67,16.65,18.55,3.35,7.31,7.40,7.29,1
4.34,5.69,5.80,6.35,15.65,9.93,5.81,1
12.43,10.95,4.45,6.49,12.15,9.34,4.56,1
11.69,13.06,8.06,9.10,12.66,7.24,11.41,1
19.95,1.82,6.91,6.45,9.53,0.00,7.54,1
13.50,9.35,8.51,3.90,3.30,11.11,9.59,1
2.27,17.99,12.31,8.52,9.23,14.09,9.52,1
2.63,3.99,18.74,5.59,7.52,15.61,4.48,1
10.30,10.32,10.51,15.17,8.70,10.84,6.93,1
10.44,2.22,19.39,8.28,10.08,5.86,8.02,1
6.40,8.16,13.65,12.33,8.98,16.88,9.04,1
6.98,13.48,0.00,13.07,7.81,7.66,5.12,1
8.90,17.69,5.23,3.66,3.93,12.60,14.20,1
21.18,12.15,5.99,10.66,9.04,5.74,17.16,1
11.90,13.20,1.06,5.91,8.84,8.19,11.75,1
3.02,16.64,14.23,0.09,8.52,8.24,13.25,1
19.31,14.98,10.61,6.96,13.92,0.61,4.27,1
7.93,1.89,5.32,2.37,7.74,11.13,0.00,1
3.57,1.16,8.16,5.44,4.43,7.30,9.76,1
7.31,6.39,0.00,22.06,14.28,13.05,14.66,1
13.40,16.85,2.80,14.73,14.50,14.43,6.79,1
19.60,4.70,5.59,6.82,8.67,11.73,10.01,1
8.92,14.42,8.15,4.56,14.70,10.57,9.32,1
12.16,11.20,8.32,18.47,13.64,11.98,10.62,1
11.36,20.38,7.78,0.00,9.27,9.96,20.68,1
7.20,8.65,5.64,5.74,13.26,19.41,6.50,1
14.81,5.34,10.66,7.05,8.08,5.28,13.37,1
9.48,4.65,9.07,6.62,5.73,10.59,1.67,1
7.14,19.23,13.34,12.22,8.83,4.00,10.60,1
4.91,16.54,11.21,11.48,6.53,13.04,12.75,1
0.00,16.47,4.76,9.07,8.32,15.59,18.12,1
0.99,6.72,11.05,4.42,9.07,7.34,5.17,1
11.48,0.00,9.66,10.38,22.30,11.09,9.41,1
8.81,12.16,0.00,11.16,13.21,4.88,7.97,1
12.97,3.53,9.36,10.46,0.89,5.19,11.21,1
10.97,12.12,0.00,15.20,9.60,6.36,14.36,1
11.37,7.90,7.73,7.22,3.85,9.18,22.27,1
14.77,7.80,8.96,12.05,3.47,8.46,6.03,1
2.44,13.71,0.00,12.55,12.07,9.01,15.07,1
18.70,5.70,5.12,13.35,13.67,8.86,8.57,1
9.42,0.00,9.77,5.79,0.00,0.00,10.36,1
6.47,10.57,4.00,16.69,13.22,5.06,7.00,1
9.90,8.70,9.22,11.58,16.31,6.30,6.55,1
5.09,6.17,1.85,3.57,4.41,13.75,9.87,1
5.84,10.49,3.55,14.36,13.92,4.89,12.40,1
9.34,3.54,7.35,9.19,2.91,11.33,18.06,1
10.45,18.51,8.84,14.24,26.52,4.99,11.79,1
6.04,15.44,12.41,9.30,4.76,8.10,12.31,1
4.33,0.00,4.38,9.57,11.03,7.19,6.51,1
11.65,6.28,17.02,8.84,12.67,8.97,8.96,1
13.31,10.11,9.22,4.36,14.10,11.26,3.73,1
1.68,3.22,9.23,12.75,17.81,6.20,9.44,1
19.23,11.87,7.11,2.42,13.71,8.78,13.65,1
9.03,8.08,12.77,6.48,2.61,7.18,2.52,1
4.45,20.83,16.21,7.31,0.00,1.06,11.18,1
6.21,15.16,11.93,17.64,4.10,9.11,15.35,1
10.45,9.08,9.29,6.03,17.72,5.34,2.74,1
4.83,14.29,11.69,15.47,6.77,10.80,4.30,1
9.57,6.31,9.44,5.31,17.22,16.63,13.90,1
13.94,17.21,7.40,8.57,11.01,10.39,4.65,1
11.79,19.50,6.09,7.34,4.61,16.33,19.82,1
0.00,13.78,6.07,10.23,8.57,7.11,14.45,1
12.92,14.04,7.18,8.50,9.18,26.60,12.53,1
4.84,2.91,9.16,1.03,14.59,8.15,12.09,1
14.19,19.56,4.66,7.80,17.60,14.07,7.21,1
3.65,13.67,2.88,12.45,13.11,5.14,12.48,1
6.13,14.26,14.44,8.68,17.02,8.95,9.81,1
11.38,13.92,2.43,8.47,14.15,8.99,8.94,1
13.94,12.93,13.17,7.95,10.47,9.12,7.38,1
8.11,5.03,4.75,4.25,14.53,18.85,9.12,1
16.23,18.77,7.29,16.29,14.11,3.04,7.48,1
4.80,2.78,0.74,4.08,7.15,1.36,7.64,1
10.49,2.37,11.42,12.67,13.88,10.79,14.18,1
10.36,10.08,3.52,14.84,8.95,7.83,8.42,1
11.87,13.49,14.12,7.82,12.90,4.80,11.73,1
23.39,9.57,14.97,14.26,11.87,7.11,9.78,1
12.62,13.42,3.88,6.00,10.94,14.84,14.12,1
6.87,1.86,7.09,3.94,13.61,5.78,9.66,1
18.44,5.75,7.34,8.72,12.86,1.56,18.09,1
8.90,18.74,5.01,12.74,10.74,17.43,8.76,1
7.87,14.12,9.34,4.55,9.73,6.61,18.81,1
16.81,8.17,6.37,0.00,12.73,7.26,6.59,1
13.00,13.19,13.56,8.17,6.41,15.67,9.55,1
6.05,9.89,13.61,6.95,0.00,11.35,16.80,1
13.26,14.88,8.43,10.42,10.34,1.52,13.71,1
10.39,0.00,12.75,9.89,1.93,11.76,5.46,1
12.26,5.04,5.69,7.75,15.68,7.14,14.53,1
14.40,9.94,3.19,9.24,15.14,22.50,5.59,1
17.88,16.19,0.00,15.12,6.51,5.66,7.54,1
2.59,0.04,3.26,6.37,9.88,0.00,8.92,1
5.60,14.00,14.22,12.18,9.55,8.09,13.60,1
21.71,3.90,8.78,10.39,10.57,9.28,5.07,1
8.24,10.35,8.51,12.96,0.70,6.37,20.90,1
13.97,9.38,23.03,10.63,8.58,8.10,7.31,1
11.81,11.35,6.86,9.47,15.46,15.70,11.40,1
7.44,3.32,10.04,15.42,2.98,11.94,13.28,1
5.36,0.66,10.25,8.28,14.66,9.19,13.60,1
17.59,15.14,11.22,13.68,11.67,15.11,8.42,1
11.38,14.59,7.91,5.04,6.09,9.30,6.20,1
7.81,0.00,11.12,7.93,13.02,11.91,13.84,1
5.38,9.82,14.14,10.46,15.92,13.81,18.35,1
10.18,13.18,10.62,6.57,4.45,11.29,12.57,1
3.65,8.83,10.01,18.54,10.37,11.61,2.01,1
0.94,8.94,8.67,15.04,16.85,12.96,13.66,1
1.41,4.27,16.27,11.54,8.36,13.35,13.43,1
6.77,4.07,14.53,16.70,5.88,6.52,7.02,1
15.08,13.26,13.33,12.12,14.29,12.44,7.48,1
17.05,7.80,17.23,0.67,4.87,15.58,18.05,1
3.83,14.26,9.75,4.06,5.52,11.04,11.58,1
6.52,4.10,9.60,16.06,9.37,4.13,20.11,1
16.20,5.29,16.14,9.71,14.33,6.18,14.32,1
13.85,11.04,15.38,9.08,17.92,16.08,4.35,1
8.33,17.53,4.67,9.50,11.92,4.23,8.12,1
11.95,8.85,11.61,12.59,14.42,11.44,7.81,1
6.37,8.82,14.98,10.82,2.88,10.44,14.50,1
10.48,0.00,13.19,10.79,12.12,8.94,3.51,1
19.38,9.35,7.11,21.21,7.33,9.24,13.26,1
10.01,6.61,7.31,3.68,6.68,10.29,13.46,1
3.09,6.45,10.38,15.48,8.93,16.36,12.47,1
9.83,4.33,14.50,3.76,9.47,9.95,9.16,1
9.94,14.26,5.89,14.60,5.73,4.71,12.32,1
13.54,14.10,9.62,8.14,9.68,5.62,10.66,1
1.91,14.87,8.47,10.22,18.68,12.79,5.13,1
11.33,14.13,0.27,11.01,10.40,12.09,5.07,1
7.71,10.15,15.19,15.05,4.85,14.66,13.16,1
9.16,8.58,7.65,4.93,6.78,8.45,0.00,1
7.07,6.65,5.61,11.05,3.55,12.99,13.56,1
6.60,12.29,10.83,17.62,10.59,8.03,20.06,1
11.74,0.78,11.29,1.51,16.63,15.60,12.31,1
2.48,11.29,6.75,9.40,15.32,8.04,3.40,1
7.94,10.83,17.02,10.73,14.22,5.56,10.41,1
9.23,17.61,6.56,18.72,14.35,15.10,11.35,1
10.45,8.47,17.15,8.16,4.82,20.93,3.44,1
3.35,6.61,10.05,10.60,4.84,10.77,0.66,1
1.20,5.97,12.94,3.03,12.68,15.71,10.29,1
10.78,12.33,13.51,8.80,4.98,14.12,6.79,1
9.52,1.95,8.96,18.74,8.71,0.00,10.10,1
5.00,0.34,1.70,12.57,11.09,21.66,15.10,1
18.75,2.54,7.30,21.75,18.54,5.44,2.51,1
14.34,10.42,9.44,12.70,15.70,9.44,7.52,1
21.55,13.07,16.01,5.91,10.78,0.00,9.30,1
2.28,11.20,12.37,21.71,20.49,10.20,6.36,1
11.24,9.44,12.43,4.30,8.82,3.63,8.05,1
5.31,0.00,5.49,13.41,3.57,12.69,4.51,1
8.00,9.13,8.95,18.11,15.16,12.88,6.84,1
15.35,7.90,13.93,6.61,14.57,9.42,8.74,1
17.22,11.99,11.95,3.33,19.31,15.21,2.19,1
3.09,17.98,13.58,10.14,7.61,8.21,13.23,1
17.06,12.37,17.39,3.58,16.14,10.58,16.57,1
4.57,0.60,11.50,14.40,8.00,5.56,14.45,1
5.03,13.12,0.00,7.50,11.60,10.95,0.46,1
10.60,13.96,5.65,9.50,16.90,15.12,8.62,1
11.82,6.79,8.64,15.06,13.24,18.26,5.44,1
17.92,14.60,11.48,10.23,6.95,16.82,9.85,1
16.88,9.18,1.35,15.61,13.06,4.05,4.50,1
17.69,5.95,5.93,3.83,7.38,3.44,12.81,1
3.38,13.17,13.79,8.22,17.34,14.14,5.25,1
21.21,14.33,15.50,17.38,3.64,15.66,15.43,1
11.82,3.04,11.67,9.60,15.86,12.21,10.67,1
13.97,9.31,4.20,7.64,9.46,11.68,17.20,1
9.61,4.08,10.17,6.06,8.71,0.00,13.61,1
15.53,15.03,2.02,6.11,8.44,22.31,4.13,1
9.05,9.56,0.00,7.06,7.59,14.17,3.54,1
7.94,17.69,11.96,16.20,19.66,9.63,11.64,1
18.34,15.08,11.28,7.55,5.55,13.53,4.17,1
6.32,3.14,11.45,7.26,7.06,15.95,17.99,1
5.75,16.68,5.25,3.79,4.28,16.76,3.00,1
18.25,4.84,12.61,14.19,10.12,13.33,12.48,1
19.71,10.78,19.94,6.52,16.67,9.74,12.81,1
9.86,7.61,14.92,5.98,8.37,5.61,2.65,1
8.12,5.92,5.55,11.80,0.63,5.93,1.46,1
10.54,8.55,9.94,4.95,6.03,11.51,8.06,1
13.98,1.69,8.60,14.82,8.65,11.41,12.43,1
9.19,16.19,1.99,9.06,7.70,2.02,3.80,1
8.13,7.23,10.19,9.10,15.68,6.86,12.05,1
15.87,11.40,8.09,9.05,19.88,3.78,11.95,1
12.87,8.69,6.13,14.25,9.64,6.70,19.91,1
11.21,9.74,7.77,6.41,16.83,10.61,3.73,1
8.66,8.12,14.57,13.88,14.22,4.70,5.23,1
16.49,10.28,3.62,11.55,10.06,10.30,19.46,1
0.00,13.94,7.66,9.92,19.76,8.13,0.75,1
9.68,12.43,10.76,13.28,16.38,6.76,12.37,1
14.58,9.12,9.39,10.20,0.00,4.41,11.17,1
9.20,2.70,5.93,13.42,19.81,8.41,11.70,1
0.00,14.29,3.88,12.47,8.82,13.21,9.83,1
13.80,16.12,16.34,14.92,6.15,5.97,7.60,1
